title,url,hhref,email,phone
АС Програм,asprogram.ru,https://hh.ru/employer/1115155,set(),set()
АСПРОМСИСТЕМ,z-otchet.ru,https://hh.ru/employer/2721091,{'info@z-otchet.ru'},set()
АСП Софт,aspsoft.ru,https://hh.ru/employer/1033646,set(),set()
А.С.Р.,racktech.ru,https://hh.ru/employer/1755187,set(),set()
АСС АйТи,www.acc-it.ru,https://hh.ru/employer/2334436,set(),set()
АСС-Инжиниринг,www.acc-eng.ru,https://hh.ru/employer/2630907,"{'vasb@npp-rat.eh', 'info@acc-eng.ru'}",set()
АС-Скан,www.ac-scan.ru,https://hh.ru/employer/2750305,set(),set()
Ассорти,assorti-market.ru,https://hh.ru/employer/1179286,"{'ig-badge-view-sprite-24@2x.png', 'info@assorti-market.ru'}",set()
Ассоциация НП РТС,www.nprts.ru,https://hh.ru/employer/397,set(),set()
АСТ,www.acti.ru,https://hh.ru/employer/24947,"{'hello@acti.ru', '01@acti.ru'}",set()
АСТ-БПМ,www.acti.ru,https://hh.ru/employer/582562,"{'hello@acti.ru', '01@acti.ru'}",set()
АСТЕЛ,www.astel.su,https://hh.ru/employer/1539343,"{'list.distr@astel.kz', 'y.zobnin@astel.su', 'info@astel.su'}",set()
Астель,www.astel.ru,https://hh.ru/employer/1498900,"{'--zakaz@astel.ru', 'zakaz@astel.ru', 'zapros@astel.ru'}",set()
АСТЕРОИД Продакшн,www.astpro.net,https://hh.ru/employer/1321142,set(),set()
"Астерос, ГК",www.asteros.ru,https://hh.ru/employer/3157,"{'info@asteros.ru', 'infokz@asteros.ru'}",set()
АСТИлайн,astiline.ru,https://hh.ru/employer/2054469,set(),set()
Астониа,astoni.ru,https://hh.ru/employer/1397006,{'info@astoni.ru'},set()
Астрал-М,msk.astralnalog.ru,https://hh.ru/employer/549738,"{'ck-msk@astralnalog.ru', 'info@1c-etp.ru', '1c@astralnalog.ru', 'support@astralnalog.ru', 'service_egais@fsrar.ru', 'oko@astralm.ru', 'moscow@astralnalog.ru', 'aov@astralnalog.ru', 'msk@astralnalog.ru'}",set()
АСТРАЛ ПАРТНЕР,kkt.astralnalog.ru,https://hh.ru/employer/3391409,set(),set()
АстраСофт,www.astrasoft.ru,https://hh.ru/employer/179442,{'contact@astrasoft.ru'},set()
Астронис,astronis.ru,https://hh.ru/employer/2698300,{'info@astronis.ru'},set()
Астростар,www.astrostar.ru,https://hh.ru/employer/2710694,{'support@astrostar.ru'},set()
Аструм Нивал,www.astrumnival.com,https://hh.ru/employer/60954,set(),set()
Астэйс-Телеком,www.asteis.net,https://hh.ru/employer/2243043,"{'director@asteis.net', 'admin@asteis.net', 'info@asteis.net'}",set()
АСТЭЛ,www.astele.ru,https://hh.ru/employer/540141,set(),set()
АТ,orgat.ru,https://hh.ru/employer/1747748,set(),set()
АТАКА ДИДЖИТАЛ,attacca.ru,https://hh.ru/employer/1015562,set(),set()
Аталан,atalan.net,https://hh.ru/employer/538078,set(),set()
АТАЛАН,atalan.net,https://hh.ru/employer/1747502,set(),set()
Атаора - Групп.ру,www.ataora.ru,https://hh.ru/employer/1703733,set(),set()
