А2 Консалтинг | A2 Consulting,http://www.a2c.by,{'sales@a2c.by'},set()
АГАТракПартс,https://www.aga-parts.com/,{'sales@aga-parts.com'},set()
Агентство Интернет Технологий,http://agit.by,"{'mail@agit.by', 'sale2@agit.by'}",set()
Администрива,http://administriva.by,"{'user@example.com', 'val@administriva.by', 'mail@administriva.by'}",set()
Азбука управления,http://www.8ka.by,"{'lk@8ka.by', 'info@8ka.by'}",set()
Азон Трейд,http://azontrade.by,set(),set()
АйТи Партнер,http://it-partner.ru,{'info@it-partner.ru'},set()
АйТиЭф,http://dev-team.com/,"{'contact@dev-team.com', 'dbezzubenkov@dev-team.com', 'dgvozd@dev-team.com', 'apoklyak@dev-team.com'}",set()
Акавіта,http://akavita.by,set(),set()
Алавир,https://alavir.by/,{'info@alavir.by'},set()
Альфа,http://www.alfagomel.by,"{'--Rating@Mail.ru', 'Rating@Mail.ru', 'info@alfagomel.by'}",set()
АльфаКИТ,http://www.alfakit.ru,{'sales@alfakit.ru'},set()
АМТ-ГРУП,http://www.amt-group.by,{'info@amt.ru'},set()
Андата,http://www.andata.ru,set(),set()
АндМ Софт,http://www.andata.ru/,set(),set()
Ариол Медиа,http://ariol.by/,{'info@ariol.by'},set()
АртВэбБай,http://www.artofweb.ru,{'info@artofweb.ru'},set()
АСКОН-Неман,http://www.ascon.ru,"{'info@softline.mn', 'kursk@ascon.ru', 'dealer@ascon.ru', 'kuda@1c-profile.ru', 'support@ascon.ru', 'info@ascon.ru', 'info@itsapr.com', 'info@center-sapr.com', 'info@cps.ru', 'spb@idtsoft.ru', 'corp@1cpfo.ru', 'izhevsk@ascon.ru', 'ural@idtsoft.ru', 'panovev@yandex.ru', 'info@ascon-vrn.ru', 'tula@ascon.ru', 'info@interbit.ru', 'dealer@gendalf.ru', 'omsk@ascon.ru', 'info@axoft.tj', '1c-vyatka@orkom1c.ru', 'vladivostok@ascon.ru', 'orel@ascon.ru', 'info@axoft.kg', 'lead_sd@ascon.ru', 'info@axoft.am', 'graphics@axoft.ru', 'info@kompas-lab.kz', 'temkinv@mont.com', 'surgut@ascon.ru', 'kompas@ascon.by', 'sapr@mech.unn.ru', 'ivanovmu@neosar.ru', 'kurgan@ascon.ru', 'zp@itsapr.com', 'info@axoft.by', 'aegorov@1c-rating.kz', 'info@pilotgroup.ru', 'kajumov@neosoft.su', 'kompas@ascon-yug.ru', 'tver@ascon.ru', 'Info@serviceyou.uz', 'yaroslavl@ascon.ru', 'perm@ascon.ru', 'mont@mont.com', 'partner@forus.ru', 'info@softline.uz', 'novosibirsk@ascon.ru', 'kharkov@itsapr.com', 'spb@ascon.ru', 'kolomna@ascon.ru', 'shlyakhov@ascon.ru', 'kasd@msdisk.ru', 'ascon_sar@ascon.ru', 'vladimir@ascon.ru', 'info@ascon-ufa.ru', 'softmagazin@softmagazin.ru', 'lipin@ascon.ru', 'kompas@vintech.bg', 'info@usk.ru', 'ryazan@ascon.ru', 'ural@ascon.ru', 'contact@controlsystems.ru', 'oleg@microinform.by', 'info@softline.az', 'idt@idtsoft.ru', 'info@rubius.com', 'ascon_nn@ascon.ru', 'press@ascon.ru', 'krasnoyarsk@ascon.ru', '1c-zakaz@galex.ru', 'dp@itsapr.com', 'tyumen@ascon.ru', 'kazan@ascon.ru', 'info@softline.kg', 'kompas@csoft-ekt.ru', 'info@softline.ua', 'info@axoft.kz', 'partner@rarus.ru', 'ekb@ascon.ru', 'info@rusapr.ru', 'tlt@ascon.ru', 'info@softline.am', 'sakha1c@mail.ru', 'infars@infars.ru', 'kompas@ascon-rostov.ru', 'info@axoft.uz', 'info@softline.tm', 'donetsk@ascon.kiev.ua', 'sales@allsoft.ru', 'info@softline.com.ge', 'okr@gendalf.ru', 'info@softline.tj', 'ekb@1c.ru', 'msk@ascon.ru', 'info@syssoft.ru', 'bryansk@ascon.ru', 'dist@1cnw.ru', 'soft@consol-1c.ru', 'teymur@axoft.az', 'karaganda@ascon.ru', 'uln@ascon.ru', 'smolensk@ascon.ru', 'info@gk-it-consult.ru', 'sapr@kvadrat-s.ru', 'dist@1c.ru', 'sales@utelksp.ru', 'orsk@ascon.ru', 'cad@softlinegroup.com', 'penza@ascon.ru', 'ukg@ascon.ru'}",set()
АтлантКонсалт,http://www.atlantconsult.com,"{'nadezhda_tatukevich@atlantconsult.com', 'info@atlantconsult.com', 'kseniya_savitskaya@atlantconsult.com'}",set()
Атрио групп,http://www.atrio-group.by,set(),set()
title,url,email,phone
Байпорт,http://byport.by,"{'fancybox_loading@2x.gif', 'fancybox_sprite@2x.png'}",set()
БелБай Групп,http://www.bel.by,{'info@bel.by'},set()
Белинфопортал,http://belinfoportal.by,set(),set()
БелИнформМобил,http://immo.ru,{'info@immo.ru'},set()
БелМобайлСофт,http://belmobilesoft.by,set(),set()
Белсвязьсеть,http://bcn.by,set(),set()
БЕЛСМАРТ СИСТЕМЫ,http://www.belsmart.by/,set(),set()
Белтехмедиа,http://www.beltechmedia.by,{'info@beltechmedia.by'},set()
Белый кит РнД,http://it-wk.ru,"{'info@it-wk.ru', 'info@white-kit.ru'}",set()
Берлио,http://www.berlio.by,"{'info@berlio.by', 'berlio@berlio.by'}",set()
Би-Лоджик,http://www.b-logic.by,{'office@b-logic.by'},set()
БизнесПрограммы,http://bpr.by,"{'office@bpr.by', 'mail@bpr.by'}",set()
БиСмарт,http://besmart.by,set(),set()
Бонер,http://funtome.com/,set(),set()
title,url,email,phone
Вайплей Медиа,http://viplay-media.by,set(),set()
Веб Студия Tomson,http://tomson.by,set(),set()
"Веб-студия ""Edulab""",http://www.edulab.by,{'info@edulab.by'},set()
"Веб-студия ""Пингвин""",http://penguin.by/,{'info@penguin.by'},set()
Веб-студия IToblaka,http://itoblaka.by/,{'1sale@itoblaka.by'},set()
Веб-студия VMN.BY,http://vmn.by,{'info@vmn.by'},set()
Веб-студия ВЭБЛАБ,https://site.wlab.by,set(),set()
Вебернетик,http://webernetic.by/,{'office@webernetic.by'},set()
Визент Медиа,http://wisent-media.by,{'contact@wisent-media.by'},set()
ВирусБлокАда,http://www.anti-virus.by,"{'PR@anti-virus.by', 'info@softlist.com.ua', 'bg@virusblokada.com', 'ai@vba.com.by', 'pr@anti-virus.by', 'info@anti-virus.by', 'feedback@anti-virus.by'}",set()
ВОТКЛИК,https://companies.dev.by/votklik,set(),set()
title,url,email,phone
Гиперлинк,http://giperlink.by/,{'info@giperlink.by'},set()
ГородИнфо,http://gorodinfo.by,set(),set()
Гранд Парк,http://web.direct.by,{'info@direct.by'},set()
Группа компаний КАП,http://cap.by,"{'info@mygr.ru', 'support@cap.by'}",set()
Группа компаний МУК,http://muk.by,set(),set()
title,url,email,phone
Делай Дело,http://www.delai-delo.by,{'hello@delai-delo.by'},set()
title,url,email,phone
Евразийская Процессинговая Компания,http://epc-it.com,{'hello@epc-it.by'},set()
Единый Кошелек,http://w1.ru,"{'merchant@w1.ru', 'ivanov@test.ru'}",set()
title,url,email,phone
title,url,email,phone
Завадатар,http://zavadatar.com,{'inquiry@zavadatar.com'},set()
ЗАО «Сервис Деск»,http://service-it.by/,{'info@service-it.by'},set()
title,url,email,phone
Иквадарт,http://iquadart.by/,set(),set()
ИМПА,http://impalab.com,{'info@impamarketing-chicago.com'},set()
Инавеб,http://inaweb.by/,{'info@inaweb.by'},set()
ИНДЕЛА,http://www.indelauav.com,set(),set()
Индивидуальный предприниматель Курманов Иван Вячеславович,https://kurmanka.github.io/,{'duraley@gmail.com'},set()
ИНИС-СОФТ,http://www.inissoft.by,{'market@inissoft.by'},set()
Инком интер,http://incom.by/,"{'minsk@incom.by', 'info@incom.com.kz'}",set()
Интеллектуальные Системы,http://www.is.by,"{'semen@is.by', 'info@is.by', 'smk@is.by'}",set()
Интермех,http://intermech.by,{'cad@intermech.by'},set()
Интернет Рынок,http://internetrynok.by,set(),set()
Информационный консалтинг,http://tim.by,"{'info-1C@tut.by', 'Rating@Mail.ru'}",set()
ИП Ремша Д.М.,https://companies.dev.by/ip-remsha-d-m,set(),set()
"ИП,Горский А.Ю,",http://seoexpert.by,set(),set()
Исида-Информатика,http://isida.by,set(),set()
ИТС-Бел,http://info.com,set(),set()
title,url,email,phone
КАМО АйТи,http://www.facebook.com/info.camo.it,set(),set()
Карголинк,http://cargolink.ru,"{'Rating@Mail.ru', 'g.petrovsky@cargolink.ru'}",set()
КасперСистемс,http://www.kasper.by,set(),set()
КАТЭК,http://katek.by,{'info@katek.by'},set()
КБ СП Технотон,http://www.technoton.by,"{'support@technoton.by', 'sales@technoton.by'}",set()
КОМПЛИТ,http://www.komplit.by,set(),set()
Комсервис,http://www.komservis.com,{'comservice.exp@gmail.com'},set()
Корпорация Галактика,http://www.galaktika.by,set(),set()
Креатек,http://areonix.by,{'info@areonix.by'},set()
Креатив-Лаборатория 82,http://www.KL82.com,{'2392711@KL82.com'},set()
Креативная Студия Кукушка,http://www.saytov.by,set(),set()
КРИОС,http://www.krios.by,{'nekit-1989@mail.ru'},set()
title,url,email,phone
Лаборатория тестирования,http://www.sqalab.ru,{'org@it-conf.ru'},set()
Лайкит,http://likeit.by,"{'info@likeit.by', 'fridrik.av@likeit.pro', 'kononov.sb@likeit.pro', 'dehtyar.el@likeit.pro'}",set()
Лайм Медиа,http://lmedia.by,"{'info@Lmedia.by', 'info@lmedia.by'}",set()
Лендинг Пейджес,http://landingpages.by,{'support@landingpages.by'},set()
ЛюксСофт,http://www.luxsoft.by,set(),set()
title,url,email,phone
Майхип,http://migheap.com,set(),set()
Максипрософт,http://www.mps.bn.by,set(),set()
МАПСОФТ,http://www.mapsoft.by,{'marketing@mapsoft.by'},set()
Масштабные решения,http://mrsoft.by,set(),set()
Мебиус,http://www.mebius.net,"{'kom@mebius.net', 'info@mebius.net'}",set()
Мегаплан,http://megaplan.by,"{'info@megaplan.ua', 'info@megaplan.cz', 'info@megaplan.by', 'info@megaplan.kz', 'info@megaplan.ru'}",set()
МегаСайтГрупп,http://megagroup.by/,"{'example@gmail.com', 'support@megagroup.by', 'info@megagroup.by'}",set()
Метрика Девелопмент,http://metricscat.com,set(),set()
МигСофт,http://migsoft.by/,"{'email@gmail.com', 'info@migsoft.by'}",set()
Минти Лаб,http://mintilab.com,set(),set()
МиСофт,http://www.misoft.by,"{'info@misoft.by', 'hotline@misoft.by', 'webmaster@misoft.by'}",set()
Мобикон-Медиа,http://www.mobicon-media.com,{'support@m-bank.by'},set()
Мобильные Решения Плюс,http://guru.by,set(),set()
title,url,email,phone
Настоящие Технологии ООО,http://truetech.by,set(),set()
Национальный центр электронных услуг,http://nces.by,"{'pkigov@nces.by', 'rc.vitebsk@ivcmf.by', 'rc.grodno@mail.ru', 'edoc@nces.by', 'rc.gomel@mail.ru', 'rc.brest@ivcmf.by', 'rc.grodno@ivcmf.by', 'Gf_niitzi@niitzi.by', 'rc.gomel@ivcmf.by', 'rc.vitebsk@mail.ru', 'info@nces.by', 'rc.brest@mail.ru', 'rc.mogilev@ivcmf.by'}",set()
Наш Белый Дом,http://nbd.by,{'info@nbd.by'},set()
НВП Модем,http://www.modem.by,{'office@modem.by'},set()
НЕКЛО,http://neklo.com,{'info@neklo.com'},set()
НИИ ТЗИ,http://www.niitzi.by,{'info@niitzi.by'},set()
НИИЭВМсервис,http://niiserv.iba.by,set(),set()
НКА,http://nca.by,"{'info@gki.gov.by', 'support@nca.by', 'nca@nca.by', 'admin@nca.by'}",set()
Новый сайт,http://newsite.by/,"{'contact@newsite.by', 'hr@newsite.by'}",set()
Норбит,http://www.norbit.ru,"{'terrasoft@2x.png', 'email_icon@2x.png', 'dropdown_active@2x.png', 'search_gray@2x.png', 'arr@2x.png', 'loading@2x.png', 'dots@2x.png', 'search_white@2x.png', 'logo@2x.png', 'norbit@2x.png', 'nav@2x.png', 'logo_mobile@2x.png', 'location_icon@2x.png', 'info@norbit.ru', 'sap@2x.png', 'microsoft@2x.png', 'calculator_icon@2x.png', 'phone_icon@2x.png', 'qlik@2x.png', 'current@2x.png', '1c@2x.png'}",set()
НПООО ОКБ ТСП,http://www.tspbel.com,set(),set()
"НПП БЕЛСОФТ, ЗАО",http://www.belsoft.by,{'office@belsoft.by'},set()
НТП Центр,http://ntpcentr.com,set(),set()
НТЦ КГБ,http://ntc.by,set(),set()
Нэкстсофт,http://nextsoft.by,{'info@nextsoft.by'},set()
title,url,email,phone
"ОАО ""Банковский процессинговый центр""",http://npc.by,{'info@npc.by'},set()
Образовательные системы,http://schools.by,{'info@schools.by'},set()
ОНРЕП,http://onerep.com,{'support@onerep.com'},set()
"ООО ""Байкард""",http://bycard.by,{'info@bycard.by'},set()
"ООО ""Бюро технологических решений""",http://techburo.by,{'ss@techburo.by'},set()
"ООО ""Воидаинт""",http://voidaint.com/,{'info@voidaint.com'},set()
"ООО ""ВсетиБай""",http://vseti.by,set(),set()
"ООО ""МедиаСтройИмидж""",http://media-group.by,set(),set()
"ООО ""Пикалитикс""",http://picalytics.com,"{'support@Picalytics.com', 'info@picalytics.com', 'support@picalytics.com'}",set()
"ООО ""Сакцесс""",http://www.succraft.com,set(),set()
"ООО ""СКБ ""Радиотехпроект""",http://rtp.by,{'info@rtp.by'},set()
"ООО ""Современный город""",http://www.modern-city.by,{'info@modern-city.by'},set()
"ООО ""Тиспр""",http://tispr.com,set(),set()
"ООО ""Умный код""",http://icode.by,{'info@icode.by'},set()
"ООО ""Энвижен"" (neoviso™)",http://neoviso.com,set(),set()
ООО Анстопобл,http://Glu.com,{'3f3709c15ebe47edaaac0c519e69de9c@sentry.kiosk.tm'},set()
ООО Инфотехнологии,http://www.ximxim.com,set(),set()
title,url,email,phone
ПАПАКАЯ,http://papakaya.by,{'office@papakaya.by'},set()
Партнерские решения,http://partners.by,{'info@partners.by'},set()
Первая Линия,http://1line.by,set(),set()
ПКБ «Витебск»,http://pkbasu.by,{'pkbasu@pkbasu.by'},set()
Поток Проектов,http://doctype.by,set(),set()
Представительство PamConsult Gmbh в Минске,http://www.pamconsult.by,set(),set()
Прогрессив Софт,http://v-sage.by,set(),set()
Проектный офис,http://www.pmoffice.by,"{'img-name@2x.png', 'ask@pmoffice.by'}",set()
Профит,http://profit-minsk.com,"{'pb8215@belsonet.net', 'profit@profit-minsk.com'}",set()
title,url,email,phone
Речевые технологии,http://www.speetech.by,{'info@speetech.by'},set()
Решения будущего,http://rbd.by,{'info@rbd.by'},set()
РиэлтБай,http://realt.by,"{'info@realt.by', 'Rating@Mail.ru'}",set()
title,url,email,phone
С-Терра Бел,http://www.s-terra.by,set(),set()
СайтФутур,https://1st-studio.by/,{'manager@1st-studio.by'},set()
Свой Сайт,http://svoisite.by,set(),set()
Связьинвест,http://si.by,"{'lipkin@si.by', 'shappo@si.by', 'arkady.soloveyko@gmail.com', 'yurii.kiselev@si.by', 'root@si.by', 'golubeva@si.by', 'gusenkow@si.by', 'unuchak@si.by', 'jmsv@si.by', 'yushkevich@si.by', 'butko@si.by', 'gsi@si.by', 'lagun@si.by', 'chuvasova@si.by', 'mai@si.by', 'LipAA@si.by', 'nelo@tut.by', 'sale@si.by', 'hramov@si.by', 'aleksandr.zaec@si.by', 'badytchik@si.by', 'xrv@si.by', 'gulevich@si.by', 'ilkevich@si.by', 'soltan@si.by', 'pochebyt@si.by', 'mironov1982@mail.ru'}",set()
Связьинформсервис,http://www.sis-group.com,"{'office@sis.ge', 'marketing@sis-group.com', 'sisbusinesservice@gmail.com'}",set()
СвязьПартнер,http://sviaz.by,set(),set()
Сенсотроника,http://www.sensotronica.com,{'info@sensotronica.com'},set()
Сервис Ай-Ти,http://servit.by,"{'info@servit.by', 'sale@servit.by', 'info@itblab.ru'}",set()
СИС Инжиниринг,http://www.sis.by,set(),set()
СИСТЕМНЫЕ ТЕХНОЛОГИИ,http://www.st.by/,"{'Mahanova_DN@st.by', 'info@st.by'}",set()
Системы для бизнеса,http://www.1sys.by,set(),set()
Сител,http://Sitel.by,set(),set()
СКБ Камертон,http://www.kamerton.by,"{'kamerton@kamerton.by', 'market@kamerton.by'}",set()
СмартСатуЛаб,http://smartsatu.kz,{'info@smartsatu.kz'},set()
СООО Левальд Сервисиз,http://lewald.by/,{'Rating@Mail.ru'},set()
СООО Силабс,http://www.clabssoft.ru,set(),set()
СофтВек,https://companies.dev.by/softvec/,set(),set()
Спортдата,http://sportdata.by,{'info@sportdata.by'},set()
СпроАйТи,http://companies.dev.by/sproayti,set(),set()
Старонка,http://staronka.by,"{'hello@staronka.by', 'team@fyva.pro', 'sales@staronka.by', 'help@staronka.by'}",set()
Студия Caprikash,http://caprikash.by/,set(),set()
Студия Борового,http://www.db.by,"{'dv@db.by', 'info@db.by', 'seo@db.by', 'hr@db.by'}",set()
Студия веб-дизайна DreamTeam,http://dteam.by,set(),set()
Студия Райт,http://right.by,"{'all@right.by', '550-58-27all@right.by'}",set()
title,url,email,phone
Телеконтакт,http://www.telecontact.ru,{'tele@telecontact.ru'},set()
Территория АйТи,http://it-territory.by,{'info@it-territory.by'},set()
ТЕХНИКОН,http://technikon.by,set(),set()
Технологии Успеха,https://tu.by,set(),set()
ТКП-Софт,http://www.tkp.by,"{'info@tcp-soft.com', 'email@mail.ru'}",set()
ТКсэт,http://www.tcset.ru,"{'i.grigorenko@tcset.ru', 'o.ruban@tcset.ru', 't.kuchukhidze@tcset.ru'}",set()
Топ Системы,http://www.tflex.ru,{'support@topsystems.ru'},set()
title,url,email,phone
title,url,email,phone
Фабрика игр,http://www.gamefactory.by,{'slava.troitsky@gamefactory.by'},set()
ФП Трэйд,http://www.fptrade.by/,{'info@completesoft.net'},set()
Фронтбайт,http://frontbyte.com,"{'post@frontbyte.com', '-1@2x.png'}",set()
title,url,email,phone
Хьюмен систем,http://www.hs.by,"{'op@hs.by', '1C@hs.by'}",set()
Хэпикс,http://happix.by,set(),set()
title,url,email,phone
Центр банковских технологий,http://cbt.by,{'drew.diller@gmail.com'},set()
Центр Интернет маркетинга,http://www.cim.by,set(),set()
Центр инфо технологий,http://www.web.ghu.by,set(),set()
Центр Корпоративных Технологий,http://m4bank.ru,{'info@m4bank.ru'},set()
title,url,email,phone
"ЧУП ""ГРАНКОМ""",http://www.glois.grancom.by,"{'info@felix.by', 'info@grancom.by'}",set()
ЧУП БелТехноСофт,http://www.bts.by,set(),set()
title,url,email,phone
Эйво,http://www.avo.by,{'info@avo.by'},set()
Экономика-софт,http://e-s.by,{'info@e-s.by'},set()
Экспател Мобайл,http://rydar.io,set(),set()
ЭксПиЭм Рус,http://xpm.center,set(),set()
Экстмедиа,http://extmedia.by/,"{'info@extmedia.by', 'help@extmedia.by', 'sales@extmedia.by'}",set()
ЭмпатиБай,http://empathy.by,{'info@empathy.by'},set()
ЭнкиСофт,http://www.enkisoft.by,set(),set()
Энпровиа,http://enprovia.com,set(),set()
ЭтикетСервис,http://eservice.by,{'marketing@eservice.by'},set()
