A-SITE.by,http://a-site.by/,"{'design@a-site.by', 'support@a-site.by', 'info@a-site.by', 'seo@a-site.by'}",set()
A1QA,http://a1qa.by,{'job@a1qa.com'},set()
Abiatec,http://abiatec.by/,{'info@abiatec.com'},set()
ABKonDevelop,http://abkon-develop.com,{'info@abkon-develop.by'},set()
Absolut Internet Systems,http://abis.by,"{'info@abis.by', 'kl_Anti_Targeted_Attack_black_icon@2x-145x145.png', 'kl_Virtualization_Security_black_icon@2x-145x145.png'}",set()
ABW.BY,http://abw.by,"{'reklama@abw.by', 'support@abw.by', 'dolmatov@abw.by', 'yandex-map-container-info@uaz-center.by', 'v.shamal@abw.by', 'info@uaz-center.by', 'web@abw.by', 'yandex-map-info@uaz-center.by'}",set()
Acantek Solutions Ltd.,http://acantek.com/,"{'sales@acantek.com', 'fly_611@bk.ru'}",set()
Acarica,http://acarica.com,{'hello@acarica.com'},set()
title,url,email,phone
B2B-Center,http://www.b2b-center.ru/,"{'fp@b2b-center.ru', '517f75de82264e228c69a17cfccb6ed0@raven.b2b-center.ru', 'a.zadorozhnyi@b2b-center.ru', 'info@b2b-center.ru', 'media@b2b-center.ru', 'e-pay@b2b-center.ru', 'jobs@b2b-center.ru', 's.sborshchikov@b2b-center.ru'}",set()
BA Solutions,http://basolutions.by/,set(),set()
Bamboo Apps,https://bambooapps.eu/,"{'contact@bamboogroup.eu', 'support@bamboogroup.eu', 'contact@bambooapps.eu'}",set()
Bamboo Group,http://bamboogroup.eu/,{'contact@bamboogroup.eu'},set()
Bank&Soft Innovation,http://www.basi.by,{'info@basi.by'},set()
Banuba Development,https://banuba.com,"{'legal@banuba.com', 'nicola@2x.png', 'camera-first@2x.png', 'mojicam@2x.png', 'phone-with-mask@2x.png', 'banuba@2x.png', 'support@banuba.com', 'nicola-app@2x.png'}",set()
Baseline marketing,http://bl.agency/,set(),set()
"BayQaTraining, Inc",http://bayqatraining.com/,{'info@codefitness.us'},set()
BearDev,http://www.beardev.com,set(),set()
BeatDev,http://beatdev.by,set(),set()
BelAbat,http://www.belabat.org,set(),set()
BelaBios IOOO,http://www.belabios.com,{'info@belabios.com'},set()
Belatragames,http://belatragames.com,"{'belarus@belatra.com', 'office@belatra.com'}",set()
BELHARD,http://www.belhard.com,{'info@belhard.com'},set()
Beliani,https://www.beliani.ch,set(),set()
BelitSoft,http://www.belitsoft.com,{'info@belitsoft.com'},set()
Belka Games,http://belka-games.com/,set(),set()
BelPrime,http://www.belprime.com,set(),set()
BelVG,http://www.belvg.com,"{'alex@belvg.com', 'store@belvg.com', 'vitaly@belvg.com', 'contact@belvg.com', 'dfeduleev@belvg.com'}",set()
BESK,https://besk.com,{'hello@besk.com'},set()
Bevalex,http://www.bevalex.by,"{'info@bevalex.by', 'service@bevalex.by'}",set()
BG Soft,http://bgsoft.biz,{'hr@bgsoft.biz'},set()
Big Data Technologies,https://bdtech.by/,set(),set()
Biggico,http://biggico.com,"{'el@biggico.com', 'info@biggico.com'}",set()
BIM Machine,http://www.bim-machine.com,set(),set()
Bimium,http://bimium.com,{'info@bimium.com'},set()
BinaryLabs,http://www.binarylabs.eu,set(),set()
Binatomic,http://binatomic.by,set(),set()
BioSoftTrade,http://biosofttrade.com,set(),set()
Bit-Apps,http://www.bit-apps.com,set(),set()
BitNet,http://bitnet.by,{'info@bitnet.by'},set()
BitSol IT Solutions,http://bitsol.org,{'info@bitsol.org'},set()
BitTorrent BLR,http://www.bittorrent.com/company/about/objective_c_minsk,{'legal@bittorrent.com'},set()
BKsoft,http://www.bettingpromotion.com/,{'john.smith@example.com'},set()
Black Beacon,http://black-beacon.com/,set(),set()
BLAKIT,http://blak-it.com,{'info@blak-it.com'},set()
BldSoft,http://www.bldsoft.com,set(),set()
Bobaka,http://bobaka.ru,{'info@bobaka.ru'},set()
BookYourStudy,http://bookyourstudy.by/,"{'info@bookyourstudy.com', 'info@bookyourstudy.by', 'hr@bookyourstudy.com'}",set()
Boolba Labs,http://www.boolbadev.com/,set(),set()
Bostil,http://bostil.ru,{'office@bostil.ru'},set()
BP Mobile,http://bpmobile.by,"{'hr@bpmobile.com', 'info@bpmobile.com'}",set()
Bright Solutions,http://www.bs-solutions.by/,"{'buh@bs-solutions.by', 'contact@bs-solutions.by', 'sales@bs-solutions.by', 'support@bs-solutions.by'}",set()
Brightgrove,https://www.brightgrove.com/,{'info@brightgrove.com'},set()
Brimit,http://www.brimit.com,{'contact@brimit.com'},set()
BTC,http://www.btc.info,set(),set()
BTC group,http://btcgroup.by,{'info@btcgroup.by'},set()
Burstly Inc.,http://www.burstly.com,set(),set()
Byelex Multimedia Products,http://www.byelex.nl,set(),set()
BYLECTRIC,http://bylectric.com,"{'o.smink@colours.nl', 'info@coloursminsk.by'}",set()
title,url,email,phone
C2labs,http://www.c2labs.se/,set(),set()
CactusSoft,http://www.cactussoft.biz,{'info@cactussoft.biz'},set()
Capsilon,http://www.capsilon.com/,set(),set()
Caspel,http://caspel.by,{'info@caspel.by'},set()
Caspowa,http://caspowa.com,"{'support@caspowa.com', 'contacts@caspowa.com'}",set()
CatalogLoader,http://CatalogLoader.com,{'sales@catalogloader.com'},set()
Cedon BLR,http://cedon.by,"{'hr@cedoni.com', 'biz@cedoni.com'}",set()
Centaurea,http://centaurea.io,{'contact@centaurea.io'},set()
CertChain,http://certchain.io/,{'hello@certchain.io'},set()
Certumsoft,http://www.certumsoft.com,set(),set()
CETC,http://en.cetc.com.cn,set(),set()
ChangeAgain.me,http://ChangeAgain.me,set(),set()
Check Point Software Technologies Ltd.,http://www.checkpoint.com,{'clc@checkpoint.com'},set()
Cheday,http://www.cheday.org/,set(),set()
CIB software,http://www.cib.by,"{'job@cib.by', 'info@cib.by'}",set()
Ciklum,http://www.ciklum.com,set(),set()
Clever Labs,https://cleverlabs.io,{'hello@cleverlabs.io'},set()
CleverApp,http://www.cleverapp.me,set(),set()
Clickmedia,http://clickmedia.by/,{'info@clickmedia.by'},set()
CMTech,http://www.cmtech.by,set(),set()
Code Inspiration,https://codeinspiration.pro,{'info@codeinspiration.pro'},set()
CodeX-Soft LLC,http://www.codex-soft.com,{'contact@codex-soft.com'},set()
Coding Staff,http://www.codingstaff.by,set(),set()
Cognitive Technologies,http://www.cognitive.ru,set(),set()
Colvir Software Solutions,http://www.colvir.com,"{'info@colvir.com', 'info.tr@colvir.com'}",set()
CompatibL,http://www.compatibl.com,"{'info@modval.org', 'info@compatibl.com'}",set()
Compit Group,http://www.compit.by/,set(),set()
Concept Soft,http://concept-soft.com/,{'info@concept-soft.com'},set()
ConnectOne,http://www.connectone.me,{'mail@connectone.me'},set()
Consensuslab,http://www.coppay.io,set(),set()
CoolHeads Digital,http://coolheads.by,set(),set()
Core5,http://core5.info,{'hello@core5.info'},set()
Cortlex,http://cortlex.com/,"{'info@cortlex.com', 'alina.mogilevets@cortlex.com', 'helen.shavel@cortlex.com', 'olga.daronda@cortlex.com', 'hr@cortlex.com'}",set()
title,url,email,phone
D8 Corporation,http://d8corporation.com,set(),set()
DANOVA,http://danova.by,set(),set()
DashBouquet Development,http://www.dashbouquet.com,"{'dashbouquethq@gmail.com', 'contact@dashbouquet.com'}",set()
DataMola,http://www.datamola.com/,{'info@datamola.com'},set()
Daymare Web Studio,http://daymare.by,set(),set()
Dektry,http://dektry.com,"{'l7@2x.png', '2@2x.png', 'preloader@2x.gif', 'l5@2x.png', '1@2x.png', 'l4@2x.png', '4@2x.png', '3@2x.png', 'l6@2x.png', 'l1@2x.png', 'logo-f@2x.png', 'l8@2x.png', 'l2@2x.png', 'l3@2x.png', 'logo@2x.png'}",set()
Deltix,http://www.deltixlab.com,{'sales@deltixlab.com'},set()
Devicepros,http://www.devicepros.net,{'info@devicepros.net'},set()
DevStars,http://www.devstars.com,set(),set()
Diesel Puppet,http://dieselpuppet.com/,set(),set()
Digesta Digital,http://dda.by,set(),set()
Digital Gravitation,http://digitalgravitation.com/,{'info@digitalgravitation.com'},set()
Digital Top,http://digital-top.com/,{'sales@digital-top.com'},set()
Digitalizm,http://digitalizm.com,{'hello@digitalizm.com'},set()
Digiteum,http://www.digiteum.com/,set(),set()
DIO-soft,http://www.dio-soft.com,set(),set()
DiscreteMind,https://discretemind.com/,{'contact@discretemind.com'},set()
Distillery,http://distillery.com,"{'award-7@2x.png', 'bg-mobile@2x.jpg', 'award-3@2x.png', 'award-6@2x.png', 'netvest-screens-mobile@2x.png', 'laptop-long-screen@2x.png', 'hello@distillery.com', 'devices-mobile@2x.png', 'bg-tablet@2x.jpg', 'award-2@2x.png', 'iphone-rain-mobile@2x.png'}",set()
Ditrix-Soft,http://ditrixsoft.com,set(),set()
Dizzain,http://dizzain.com,set(),set()
DMTech,http://dmtech.by/,set(),set()
DPI.Solutions,http://dpi.solutions,"{'job@dpi.solutions', 'info@dpi.solutions'}",set()
Dream Support,http://dreamsupport.io,set(),set()
DreamTeam Mobile,https://dreamteam-mobile.com/,{'contact@dreamteam-mobile.spam'},set()
Dual Lab,http://duallab.com,"{'natallia.antonik@duallab.com', 'info@duallab.com'}",set()
DvSite,http://dvsite.info,set(),set()
Dynamic Games,http://dynamicgames.net,{'jobs@dynamicgames.net'},set()
DYNEVO,http://dynevo.org,{'contact@dynevo.org'},set()
title,url,email,phone
E-vision,http://www.asbis.by,"{'n.semizhen@asbis.by', 'marketing@asbis.by', 'tk@asbis.by'}",set()
EasyProjects.NET,https://www.easyprojects.net/,set(),set()
Edality,http://www.edality.by,{'contact@edality.by'},set()
Efectura,http://www.efectura.com,"{'project@efectura.com', 'hello@efectura.com'}",set()
Effective Solutions International,http://www.esi-ltd.com,set(),set()
EffectiveSoft Ltd.,http://effectivesoft.com,"{'escontact@effectivesoft.com', 'rfq@effectivesoft.com'}",set()
Egamings,http://www.egamings.com,"{'info@egamings.com', 'sales@egamings.com'}",set()
EGAR Technology,http://www.egartech.ru/,set(),set()
Egorov Agency,https://egorovagency.by,{'welcome@aaee.by'},set()
Eightydays.me,https://www.eightydays.me,{'aleh@eightydays.me'},set()
EIS Group,http://www.eisgroup.com/,set(),set()
ElateSoftware,http://elatesoftware.com/,{'info@elatesoftware.com'},set()
EleganceIT,http://www.eleganceit.com,set(),set()
Elilink Consulting,http://www.elilink.com,{'info@elilink.com'},set()
Ellipsoit Plus Ltd,http://ellipsoit.com,set(),set()
Emerline,https://emerline.com/,{'info@emerline.com'},set()
EnCata,http://www.Encata.net,set(),set()
EngineIT,http://www.engineit.by/,set(),set()
Enixar,http://www.enixar.by,{'info@enixar.by'},set()
Eon Games,http://www.eon-games.com,set(),set()
EPAM,http://www.epam.by,"{'jobs_by@epam.com', 'ask_by@epam.com', 'privacy@epam.com', 'pr_by@epam.com'}",set()
Epicmax,http://epicmax.co,{'hello@epicmax.co'},set()
Epol Soft,http://www.epolsoft.com,{'contact_by@epolsoft.com'},set()
title,url,email,phone
Factory 16,http://factory16.by,{'info@factory16.by'},set()
FIC SOFT,http://www.ficsoft.com,{'ficujjain@gmail.com'},set()
Fingers media,http://fingers.by,set(),set()
Fitbit,http://www.fitbit.com,"{'privacy@fitbit.com', 'resellers@fitbit.com', 'versa-screen-partner-apps@2x-65fe7cd9036ccdee2622bfa6274da5cf.png', 'affiliates@fitbit.com', 'data-protection-office@fitbit.com', 'versa-screen-almost-there@2x-02edc3f4b40e827fcb2dc5cad6a9ad69.png', 'versa-screen-today-health@2x-0ae531049410f568a68cc2d13165cd2f.png', 'returns-warranty-emb-large@2x-e67409c06d31bf5545090bc2550d1b66.png', 'versa-screen-music@2x-4588f9b56e42d48e3ae204c3bafa574e.png'}",set()
Flashphoner,http://flashphoner.com,"{'support@flashphoner.com', 'sales@flashphoner.com', 'helpdesk@flashphoner.com'}",set()
Flatlogic,http://flatlogic.com,"{'your-email@flatlogic.com', 'contact@flatlogic.com'}",set()
Flex Media,http://flxmd.by,set(),set()
FLLC SEAVUS,http://www.seavus.com,"{'sales@seavus.com', 'marketing@seavus.com', 'info@seavus.com', 'support@seavus.com'}",set()
Flo,http://flo.health,{'support@owhealth.com'},set()
Fly Fish Soft,http://flyfishsoft.com,"{'HR@flyfishsoft.com', 'info@flyfishsoft.com'}",set()
Foranx,http://foranx.by,set(),set()
Forrards Group,http://www.forrards.com,"{'sales@forrards.com', 'YourEmail@email.com'}",set()
Forte Group,http://www.4tegroup.by/,set(),set()
FPD,http://www.fpd.by/,set(),set()
Front-Devs,http://front-devs.com,set(),set()
Full Spectrum Systems,http://www.fss.by,set(),set()
Functional AI,http://functional.by/,{'info@functional.by'},set()
FuryLion Group,http://furylion.net,set(),set()
Fusiontech,http://fusiontech.by,"{'contact@FusionTech.by', 'contact@fusiontech.by'}",set()
title,url,email,phone
G-Lock Software,http://www.glocksoft.com,{'support@glocksoft.com'},set()
Galantis,http://www.galantis.com,{'info@galantis.com'},set()
Gambino,http://gambinoslot.com,set(),set()
Gameloft,https://careers.smartrecruiters.com/Gameloft/gameloft-belarus,set(),set()
GBSoft,http://www.gbsoft.by,"{'sales@gbsoft.by', 'info@gbsoft.by'}",set()
Geek-Solutions,https://geeksolutions.co/,set(),set()
GeliosSoft,http://www.geliossoft.ru,"{'sales@geliossoft.ru', 'info@geliossoft.ru', 'info@geliossoft.by', 'marketing@geliossoft.com', 'support@geliossoft.ru', 'info@geliossoft.com'}",set()
Generalov Group,http://generalov-group.com,set(),set()
Genesis Apps,http://genesisapps.by,set(),set()
GenSolutions,http://gensolutions.by,set(),set()
Geomotiv,http://www.geomotiv.com,{'info@geomotiv.com'},set()
"GERSIS SOFTWARE,LLC",http://www.gersis-software.com,set(),set()
GetSpace,http://getspace.me,set(),set()
GetYourMap,http://getyourmap.com,{'info@getyourmap.com'},set()
GGWP,http://ggwp.by,set(),set()
Gismart,http://gismart.com/,{'info@gismart.com'},set()
Global Sense LLC,http://0-sense.com,set(),set()
Globant,http://pointsource.com,set(),set()
GlowByte Consulting,http://gbconsulting.ru,{'contact@gbconsulting.ru'},set()
Godel Technologies Europe,http://careers.godeltech.com/ru/home-page-ru/,"{'careers@godeltech.com', 'Careers@godeltech.com'}",set()
Gofrobum,http://www.gofrobum.by,"{'example@gmail.com', 'work@gofrobum.by', 'gofropack@tut.by', 'market@gofrobum.by'}",set()
"Golden Software of Belarus, Ltd",http://www.gsbelarus.com,{'example@mail.com'},set()
GoodSoft,http://good-soft.com/ru/,set(),set()
Goozix,https://goozix.com/,{'hello@goozix.com'},set()
GP Solutions,https://gpsolutions.com/,"{'info@gpsolutions.com', 'sales@gpsolutions.com', 'john@gmail.com'}",set()
Greenwall Systems,http://www.greenwall.by,set(),set()
Gresbi,http://Gresbi.by,"{'hello@gresbi.com', 'team@2x.jpg'}",set()
Grinteq,http://www.grinteq.com,set(),set()
GRIZZLY DIGITAL COMPANY,http://grizzly.by,"{'Info@grizzly.by', 'info@grizzly.by'}",set()
Gurtam,http://www.gurtam.com,"{'niol@gurtam.com', 'jobs@gurtam.com', 'office_moscow@gurtam.com', 'marketing@gurtam.com', 'office_boston@gurtam.com', 'office_dubai@gurtam.com', 'support@gurtam.com', 'info@gurtam.com', 'office_buenosaires@gurtam.com', 'sales@gurtam.com'}",set()
Gusarov Group,http://gusarov-group.by,set(),set()
GWWT Development Solutions,http://1001app.by/,set(),set()
title,url,email,phone
HA – Interactive brand studio,http://hainteractive.com,"{'info@hainteractive.com', 'hello@hainteractive.com'}",set()
Hackspace,http://hackspace.by/,set(),set()
HardCode,http://hardcode.ru,set(),set()
Helmes Bel,http://www.helmes.by,set(),set()
Heyworks,http://unity.heyworks.com,set(),set()
Hibercon Technologies,http://hibercon.com,set(),set()
HiEnd Systems,http://hiendsys.com,{'info@hiendsys.com'},set()
HighLevel,http://highlevel.by,{'info@highlevel.by'},set()
Hipway,http://hipclub.ru/join,"{'Rating@Mail.ru', 'info@hipway.ru', 'info@hipclub.ru'}",set()
HiQo Solutions,http://www.hiqo-solutions.com,set(),set()
Holiday.by,http://www.holiday.by,"{'Rating@Mail.ru', 'info@holiday.by', 'editor@holiday.by', 'ab@holiday.by', 'info@vr.by'}",set()
HolyTransaction,http://holytransaction.com,set(),set()
HOS 247,http://www.hos247.com,{'hello@hos247.com'},set()
HQSoftware,http://hqsoftwarelab.by,"{'hr@hqsoftwarelab.com', 'team@hqsoftwarelab.com'}",set()
HRBA,http://hrba.by,"{'ep@hrba.by', 'vm@hrba.by', 'info@hrba.by', 'FAQ@hrba.by'}",set()
Humans,http://minsk.humans.net/,"{'kremlin-1@2x.png', 'group-3@2x.png', 'chrysler-building@2x.png', 'team.minsk@humans.net'}",set()
Hytex Solutions Ltd,http://hytex.radmaster.net,"{'ready2go@code.google.com', 'byqdes@gmail.com'}",set()
title,url,email,phone
IBA Group,http://www.iba.by,"{'info@iba.by', 'iba-gomel@iba.by', 'it.park@park.iba.by', 'info@ibagroupit.com', 'park@gomel.iba.by', 'techcenter@iba.by', 'net@iba.by', 'Khalimanova@iba.by', 'resume@iba.by', 'resume@gomel.iba.by', 'aivanov@gomel.iba.by', 'it@iba.by'}",set()
ICON GAMES,http://icongames.info,set(),set()
ID Finance,http://idfinance.com,{'info@idfinance.com'},set()
Ideanomix Digital,http://ideanomixdigital.com/,{'support@owhealth.com'},set()
IdeaSoft,http://i-deasoft.com,"{'info@exquisitetheme.co.uk', 'info@i-deasoft.com', 'info@exquisitetheme.com'}",set()
IDLab,http://www.idlab.net,set(),set()
IG Soft / IG Soft Bel,http://www.igsoft.by,{'info@studio-red.by'},set()
IGIES,http://igies.com,set(),set()
IGROTEK,http://www.igro-tek.com,{'contact@igro-tek.com'},set()
Ihighload,http://ihighload.net,set(),set()
IHS Markit,http://ihsmarkit.com,set(),set()
Iksanika,http://www.iksanika.com,{'info@iksanika.com'},set()
Imaguru,http://imaguru.by,"{'ar@imaguru.by', 'jp@imaguru.by', 'reception@bel.biz', 'info@imaguru.by'}",set()
InData Labs,https://indatalabs.com/,"{'info@indatalabs.com', 'a_kryzhanovski@indatalabs.com'}",set()
INDEXIUM,http://www.gamedevsource.com/,"{'info@gamedevsource.com', 'hr@gamedevsource.com'}",set()
INDI,http://indi.design,"{'hello@indi.by', 'e@indi.by'}",set()
Indigo Bunting,http://indigobunting.net,"{'m@indigobunting.net', 'help@indigobunting.net'}",set()
Infin,http://infin.by,set(),set()
InGrid Lab,http://www.ingridlab.com,{'devteam@ingridlab.com'},set()
Innovative Internet Technologies,http://www.ereality.ru,"{'Rating@Mail.ru', 'info@ereality.ru'}",set()
InSales,http://insales.by,"{'hello@insales.by', 'rt@insales.ru'}",set()
InSoft Engineering,http://www.insoftgroup.com,{'dminch@insoftgroup.com'},set()
Insollo Entertainment,http://insollo.com,{'info@insollo.com'},set()
Inspectorio,https://www.inspectorio.com/,set(),set()
Instamotor Bel,http://instamotor.com,"{'support@instamotor.com', 'press@instamotor.com'}",set()
INTELICO,http://www.intelico.su,{'connect@intelico.su'},set()
Intellect IT,http://www.intellectit.by,{'info@intellectit.by'},set()
Intellect Motion,http://intellectmotion.com,set(),set()
Intellectsoft,http://www.intellectsoft.net,"{'talent.acquisition@intellectsoft.net', 'hr@intellectsoft.net', 'info@intellectsoft.co.uk', 'info@intellectsoft.net', 'hr@intellectsoft.com.ua', 'info@intellectsoft.no'}",set()
Intelligent Urban Systems,http://ius.by,{'contact@ius.by'},set()
Intergalactic development,http://not-ready-yet.by,set(),set()
Internetix,http://www.internetix.by,"{'internetix.by@gmail.com', 'info@internetix.by'}",set()
Intervale,http://www.intervale.ru,"{'info@intervale.ru', 'intervale@intervale.ru', 'info@intervale.kz', 'intervale@intervale.eu'}",set()
Intetics,http://www.intetics.com,{'odt@intetics.com'},set()
IntexSoft,http://www.intexsoft.com,set(),set()
InToSoft,http://www.intosoft.nl,{'Info@Intosoft.Nl'},set()
Intrahealth (Nikta),http://www.intrahealth.com,set(),set()
Invatechs Software,https://www.invatechs.com/,{'info@invatechs.com'},set()
Invelio,http://invelio.com,set(),set()
InventoLabs,http://invento.by,"{'info@invento-labs.com', 'contact@software2life.com'}",set()
IPonWEB,http://www.iponweb.com,set(),set()
IPOS.BY,http://ipos.by,{'info@ipos.by'},set()
Ispirer Systems,https://www.ispirer.com/,set(),set()
ISsoft,http://www.issoft.by,"{'10@3x.png', '11@1x.png', '11@3x.png', '10@2x.png', '11@2x.png'}",set()
IT Band,http://it-band.by,{'info@it-band.by'},set()
IT House Group,http://-,set(),set()
IT Partner,http://it-partner.ru/,{'info@it-partner.ru'},set()
ITA ( Information Technology Alliance Ltd.),http://ita-dev.com,"{'info@ita-dev.com', 'example@mail.com', 'hrm@ita-dev.com', 'sales@ita-dev.com'}",set()
Itexus Soft,http://itexus.com/,{'info@itexus.com'},set()
ITGroup,http://www.itgroup.by/,set(),set()
ITIBO,http://www.itibo.com,set(),set()
ITM House,http://itmhouse.com,set(),set()
ITMEDIA,http://itmedia.by,"{'info@itmedia.by', 'oleg@itmedia.by'}",set()
ITNavis,http://itnavis.by,set(),set()
IToris,http://www.itoris.com,set(),set()
ITOS,http://www.itosweb.com,set(),set()
Itransition,http://www.itransition.by,"{'info@itransition.com', 'hh@itransition.com', 'hr@itransition.com', 'k.vlasik@itransition.com'}",set()
ITRex Group,http://www.itrexgroup.com,{'Mars@gmail.com'},set()
ITS Partner,http://itspartner.net,"{'info@itspartner.net', 'legal@itspartner.net'}",set()
ITSoft,http://www.itsoft.by,set(),set()
ITStrategy,http://itstrategy.by,set(),set()
ITSupportMe,http://www.itsupportme.by,"{'sales@itsupportme.com', 'AKozubanova@itsupportme.com', 'yu.shuchalina@gmail.com', 'akozubanova@gmail.com', 'akozubanova@itsupportme.com', 'hr@itsupportme.com'}",set()
ITUnit,http://www.itunit.by,set(),set()
ITzone,http://itzone.by,set(),set()
Ivelum,http://www.ivelum.com/,set(),set()
title,url,email,phone
Jazz Pixels,http://jazzpixels.ru,{'hello@jazzpixels.ru'},set()
JazzTeam,http://www.jazzteam.org,{'sales@jazzteam.org'},set()
JET BI,http://www.jetbi.com,"{'dmitry.sheuchyk@jetbi.com', 'sales@jetbi.com', 'jobs@jetbi.com'}",set()
Jet Technologies-Bel,http://www.jet-t.ru,set(),set()
JLLC CLABS,http://clabs.eu,"{'vlasevich@house.gov.by', 'politiko@house.gov.by'}",set()
JLLC OZONE Consulting,http://www.ozone-oo.com,set(),set()
Jnetworks,http://www.jnetworks.by,{'info@jnetworks.by'},set()
Juno Lab,http://gojuno.com,"{'help@gojuno.com', 'drivers@gojuno.com'}",set()
JVL (ДжэйВиЭл корпорэйшн),http://www.jvl-ent.com,set(),set()
title,url,email,phone
K&K Technologies,http://www.kktgroup.com,set(),set()
Kakadu Dev,http://kakadu.bz,"{'info@kakadu.bz', 'hr@kakadu.bz'}",set()
Karamba Security,http://karambasecurity.com,{'contact@karambasecurity.com'},set()
Keiss Media Bel,http://keissmedia.com/,{'info@keissmedia.com'},set()
Kibo,http://kibocommerce.com/,"{'info@kibocommerce.com', 'mail@example.tld', '1ad24f930b474aeb96af01c8f4b26d8a@sentry.io'}",set()
Kino-mo,http://www.kino-mo.com,set(),set()
Kiosk Solutions,http://friendlyway.com,set(),set()
Kitkard,https://www.kitkard.com,set(),set()
Klika Tech,http://careers-by.klika-tech.com/,"{'IoT_Big_Data_tablet@2x.eb9965a5.jpg', 'certificates@2x.63795617.png', 'welcome_slider_1@2x.fe8746cc.jpg', 'background_about_us_mobile@2x.94126406.jpg', 'life_in_minsk_desktop@2x.b2a08eee.jpg', 'welcome_slider_9@2x.cb485fe5.jpg', 'background_vacancies_tablet@2x.d0de7be2.jpg', 'welcome_slider_2@2x.8333f75f.jpg', 'background_relocation_mob@2x.462492c6.jpg', '9_Halloween@2x.0c07bf02.jpg', '4_Bicycle@2x.c44eb79e.jpg', 'team_work_tablet@2x.96bea34e.jpg', 'place_for_living_tabl@2x.297f82c7.jpg', 'hr@klika-tech.com', 'place_for_living_mob@2x.0486d261.jpg', 'prices_pic_tabl@2x.54fcc3b4.jpg', 'team_work@2x.117af518.jpg', 'devices@2x.ad5e9e77.jpg', 'background_relocation_tabl@2x.58b69659.jpg', 'documents_desktop@2x.1835bf2f.jpg', 'documents_mob@2x.edf71fe0.jpg', 'welcome_slider_4@2x.be2d9c05.jpg', 'life_in_minsk_tabl@2x.166e5e3a.jpg', 'welcome_slider_3@2x.05714685.jpg', 'background_vacancies_desktop@2x.13160935.jpg', 'background_vacancies_mobile@2x.d0d454bf.jpg', 'map@2x.6afb1a27.png', 'welcome_slider_8@2x.e97c8460.jpg', 'it_in_minsk_desktop@2x.2569694b.jpg', 'it_in_minsk_tabl@2x.cd8f0283.jpg', 'it_in_minsk_mobile@2x.c2b22f67.jpg', 'map_pic_900@2x.2027ee36.png', 'welcome_slider_7@2x.b645c9b1.jpg', 'welcome_slider_5@2x.2778332d.jpg', 'background_about_us_tablet@2x.9500d79e.jpg', 'partners@2x.539e45b6.png', 'devices_tablet@2x.719993c6.jpg', '3_Kayak@2x.849fc0e8.jpg', '5_Winter_snowboard@2x.08b85421.jpg', 'place_for_living_desktop@2x.f431ef7c.jpg', 'welcome_slider_11@2x.501e57c3.jpg', 'background_relocation_desktop@2x.ed5010c2.jpg', 'Contacts_Background_tabl@2x.0bf64fd1.jpg', '6_Games@2x.f2bafd97.jpg', 'map_pic@2x.f3ee2e05.png', '7_Tea_club@2x.580d9782.jpg', 'Contacts_Background_desktop@2x.42dcc6ac.jpg', 'welcome_slider_10@2x.82343f7d.jpg', '8_4thMay@2x.b2e1719f.jpg', 'documents_tabl@2x.af03e5f0.jpg', '10_Chess@2x.17c6b996.jpg', '1_Shawerma@2x.8c010bd9.jpg', 'welcome_slider_12@2x.b22abd52.jpg', 'Contacts_Background_mob@2x.166489e7.jpg', 'background_about_us_desktop@2x.fbc5077a.jpg', 'welcome_slider_6@2x.1c7a4c42.jpg', 'company_certificates@2x.f47254e6.png', 'prices_pic_mobile@2x.784d0782.jpg', '2_Football@2x.add65b2f.jpg', 'life_in_minsk_mob@2x.9a8188c9.jpg', 'IoT_Big_Data@2x.f44ca3c8.jpg', 'prices_pic_desktop@2x.1eb8cb3f.jpg'}",set()
Komspek,http://www.sparkit.ca,set(),set()
Koovalda studios,http://koovalda.com,{'hr@koovalda.com'},set()
Kviku,https://kviku.ru/,"{'icon-income@1x.png', 'icon-step03cal@1x.png', 'icon-speed@2x.png', 'icon-safety@1x.png', 'icon-speed@1x.png', 'icon-loyalty@2x.png', 'steps-ellipses@2x.png', 'support@kviku.ru', 'icon-step03@2x.png', 'icon-step01@2x.png', 'icon-step01@1x.png', 'icon-safety@2x.png', 'icon-step02cash@1x.png', 'icon-income@2x.png', 'steps-ellipses@1x.png', 'icon-loyalty@1x.png', 'icon-step02@2x.png'}",set()
KVITKI BY,http://kvitki.by,set(),set()
Kyriba Minsk,http://www.kyriba.com,"{'info-hk@kyriba.com', 'infofrance@kyriba.com', 'info-nl@kyriba.com', 'pr@kyriba.com', 'info-usa@kyriba.com', 'careers.emea@kyriba.com', 'info-br@kyriba.com', 'NA_KyribaSupport@kyriba.com', 'treasury@kyriba.com', 'info-china@kyriba.com', 'info-ae@kyriba.com', 'info-jp@kyriba.com', 'info-sg@kyriba.com', 'careers@kyriba.com', 'info-uk@kyriba.com'}",set()
title,url,email,phone
Labinvent,http://labinvent.com/,set(),set()
Labrax Studio,http://labrax.net,set(),set()
Labs64 GmbH,http://www.labs64.de,"{'info@labs64.com', 'info@labs64.by'}",set()
Lamanteam,http://lamanteam.by,{'Rating@Mail.ru'},set()
LanSoft,http://lansoft.by,set(),set()
Lappa,http://Lappa,set(),set()
LeCode group,http://lecodegroup.com,set(),set()
LegaSystems,http://www.legasystems.com,"{'sales@legasystems.com', 'support@legasystems.com', 'info@legasystems.com'}",set()
Lepshey Studio,http://www.lepshey.ru/,{'info@lepshey.ru'},set()
Leta.by,http://leta.by,set(),set()
LeverX,http://leverx.by/,"{'natalia.petrenko@leverx.com', 'contact-leverx@leverx.com', 'vladimir.karely@leverx.com'}",set()
Light Well Organization,http://lwo.by,"{'lavrinovich_o@lwo.by', 'contact@lwo.by'}",set()
LightIdeas,http://www.lightideas.ru,set(),set()
Lightpoint,http://lightpoint.by,{'contact@lightpoint.by'},set()
Lime-Express,http://lime-express.com,{'limeexpress.com@gmail.com'},set()
LINKOR,http://www.link-or.net,{'info@link-or.net'},set()
Litussoft,http://litussoft.com,"{'logo@3x.png', 'group@3x-640x537.png', 'info@litussoft.com', 'litussoft-logo@3x.png'}",set()
Litvinsky,http://litvinsky.org/,set(),set()
LIVETREND CONSULTANTS LIMITED,http://www.umstel.com,set(),set()
LLC ComplITech,http://www.complitech.by,"{'info@complitech.ru', 'contact-us@complitech.by'}",set()
LLSOFT,http://llsoft.by,set(),set()
Logic Software,http://www.logicsoftware.net,set(),set()
Logic Way,http://www.logic-way.com,{'sales@logic-way.com'},set()
LogicLike,http://logiclike.com,"{'email@gmail.com', 'office@logiclike.com', 'office@logic.by'}",set()
Lotasoft,https://lotasoft.com/,{'info@lotasoft.com'},set()
LoudMind,http://planetgoldrush.com,set(),set()
LOVATA,http://lovata.com,{'info@lovata.com'},set()
title,url,email,phone
M.I.TGroup,http://mitlab.by,"{'info@mitgroup.ru', 'a.bobyr@mitgroup.ru'}",set()
Mainsoft,http://mainsoft.org,"{'olga.slivets@mainsoft.org', 'andrey@mainsoft.org', 'pavel@mainsoft.org'}",set()
Maksis Digital Agency,http://Maksis.by,"{'info@maksis.by', 'example@domain.zone'}",set()
Manao,https://manao.by,{'info@manao.by'},set()
Map.by,http://map.by,{'bel@map.by'},set()
Mapbox,http://mapbox.by,{'info@mapbox.by'},set()
MAPS.ME,http://maps.me,"{'Support@maps.me', 'business@maps.me', 'do@maps.me', 'info@maps.me'}",set()
Marco,http://www.marco.by,{'info@bytechs.by'},set()
Marquette Partners LP,http://www.marquettepartners.com/,{'contactus@mqplp.com'},set()
Masquerade,http://msqrd.me,{'hello@msqrd.me'},set()
Master-M,http://master-m.by,set(),set()
Masterlink.by,http://www.masterlink.by,"{'viktar.vp@gmail.com', 'info@altop.ru', 'info@altop.by', 'info@seoshop.by'}",set()
MAXI.BY media,http://media-maxi.by,{'media@maxi.by'},set()
Maygem,http://www.maygem.net,set(),set()
MecaSoft,http://www.msiminsk.com,{'info@msiminsk.com'},set()
MediaCity Communications,http://www.mcc-group.by,set(),set()
Megarost Group,http://megarost.by,"{'info@megarost.by', 'support@megarost.by'}",set()
Megatel GmbH,http://bettings.ch,set(),set()
Melsoft Games,http://www.melesta-games.com,set(),set()
MEMOS Outsourcing,http://www.memos-outsourcing.com/en/,set(),set()
METAGILE,http://www.metagile.com,set(),set()
Metatag Group,https://metatag.by/,{'hello@metatag.by'},set()
Mifort,http://mifort.org,set(),set()
MikroKods Ltd.,http://www.mikrokods.lv,set(),set()
Millcom,http://www.millcom.by,{'info@millcom.by'},set()
Mitrix Technology,http://mitrix.io,set(),set()
Mobiletag,http://mobiletag.com,set(),set()
ModIS-M Software Corporation,http://www.modis-m.by,set(),set()
Mostra-group,http://mostra.by,"{'info@mostra.by', 'Rating@Mail.ru'}",set()
Mraid.io,http://mraid.io,{'sales@mraid.io'},set()
Mühlemann & Popp Online Media AG,http://muehlemann-popp.ch/,"{'silvan.muehlemann@muehlemann-popp.ch', 'markus.popp@muehlemann-popp.ch'}",set()
Multi Brains,http://taxistartup.com,{'username@example.com'},set()
Multy.io,http://multy.io,"{'member-11@2x.jpg', 'decor-screen3@2x.png', 'member-12@2x.jpg', 'multy-logo@2x.png', 'multy-logo-color@2x.png', 'appstore@2x.png', 'decor-screen2@2x.png', 'decor-eth1@2x.png', 'decor-screen4@2x.png', 'member-3@2x.jpg', 'decor-btc1@2x.png', 'member-1@2x.jpg', 'member-4@2x.jpg', 'member-5@2x.jpg', 'member-2@2x.jpg', 'news-list-decor@2x.png', 'member-10@2x.jpg', 'member-7@2x.jpg', 'decor-screen1@2x.png', 'googleplay@2x.png', 'member-6@2x.jpg', 'member-9@2x.jpg'}",set()
MyNetDiary Inc,http://www.mynetdiary.com,"{'info@mynetdiary.com', 'GoogleAds@4technologies.com'}",set()
title,url,email,phone
NaStarte.by,https://nastarte.by/,set(),set()
Nasty Creatures,http://nasty-creatures.com/,{'info@nasty-creatures.com'},set()
NativeLabs,http://www.nativelabs.ru,set(),set()
Neotech,http://neotech.by,"{'riga@neotech.ee', 'usa@neotech.ee', 'info@neotech.ee', 'info-spb@neotech.ee'}",set()
Nero Electronics,http://neroelectronics.by,set(),set()
NeskinSoft,http://neskinsoft.com,set(),set()
Net Games Laboratory,http://www.netgameslab.com/,set(),set()
Netcracker,http://www.netcracker.com,set(),set()
Netologic,http://www.getayou.com,set(),set()
New Wave Software,http://www.newwavesoft.com,set(),set()
NEWLAND,http://newland.by/,"{'sales@newland.by', 'job@newland.by', 'mobile@newland.by', 'office@newland.by', 'info@newland.by'}",set()
Next Level,http://www.facework.pro,set(),set()
Next Network,http://nextnetwork.by,set(),set()
NGWeb,http://ngweb.by,set(),set()
Nilitis LLC,http://www.disfa.com,set(),set()
Nineseven,http://nineseven.ru,"{'nine@nineseven.ru', 'alizarin@nineseven.ru', 'zoe@nineseven.ru', 'info@nineseven.ru'}",set()
Nitka Technologies,http://www.nitka.com,{'Sales@nitka.com'},set()
Nival,http://www.nival.com,set(),set()
Nord-Soft,http://www.nord-soft.com,set(),set()
Novacom,http://www.nvcm.net/,{'info@nvcm.net'},set()
NTLab,http://ntlab.com,{'ntlab@ntlab.com'},set()
NUBIKO,http://www.nubiko.com,set(),set()
NX Studio,https://studionx.ru/,{'info@studionx.ru'},set()
title,url,email,phone
ObjectStyle,http://objectstyle.com,{'info@objectstyle.com'},set()
OCREX,http://www.ocrex.com/,"{'info@ocrex.com', 'sales@ocrex.com', 'support@ocrex.com'}",set()
OCSICO,http://www.ocsico.com,"{'contact@ocsico.com', 'hr@ocsico.com'}",set()
Octonion Technology,http://octonion.com,set(),set()
Octopus Games,http://www.gamedevsource.com/,"{'hr@gamedevsource.com', 'info@gamedevsource.com'}",set()
Offsiteteam,http://www.offsiteteam.com,{'contact@offsiteteam.com'},set()
Olimpia,http://olimpia.by/,{'webolimpia@gmail.com'},set()
OmegaSoftware,http://www.omegasoftware.eu,set(),set()
OMERTEX,http://www.omertex.com,{'contact@omertex.com'},set()
OMLOOK,http://www.omlook.com,set(),set()
On The Spot Development,http://onthespotdev.com,{'hello@onthespotdev.com'},set()
Onde,http://onde.eu,set(),set()
OnePoint,http://1pt.com,{'enquiry@1pt.com'},set()
Onix,http://onix.by,{'info@onix.by'},set()
Onliner,http://www.onliner.by,"{'onliner_logo.v3@2x.png', 'Rating@Mail.ru'}",set()
"OOO ""Кодэксперт""",http://www.code-experts.net,set(),set()
OOO Social Network Media,http://inprogress.com,set(),set()
Optixsoft,http://www.optixsoft.com,{'info@optixsoft.com'},set()
OrangeProcess,http://orangeprocess.by,"{'support@orangeprocess.by', 'orange@orangeprocess.by'}",set()
Orangesoft,http://www.orangesoft.by/,"{'viktor@orangesoft.by', 'tk@orangesoft.co', 'orangesoftby@gmail.com', 'viktor@orangesoft.co', 'alex@orangesoft.co', 'hello@orangesoft.by'}",set()
Oriole DB Inc.,http://orioledb.com,set(),set()
Ormin,http://www.ormins.com,set(),set()
OtherControls,http://www.othercontrols.com,set(),set()
Oxagile,http://www.oxagile.com,{'contact@oxagile.com'},set()
OxGroup,http://oxgroup.media,set(),set()
title,url,email,phone
PandaDoc,http://pandadoc.com,"{'security@2x-8ed60c4347.jpg', 'features-960@2x-426717921a.jpg', 'integrations@2x-1d0e093555.jpg', 'features-320@2x-53b8f23be8.jpg', 'security-480@2x-4b2eee69ef.jpg', 'security-960@2x-0713025f63.jpg', 'security-768@2x-921ab1bae5.jpg', 'features-480@2x-a41e97609c.jpg', 'security-320@2x-13465ccf16.jpg', 'home-768@2x-594a9531aa.jpg', 'home-1200@2x-93ce1f0a67.jpg', 'home-320@2x-4279797c1d.jpg', 'home-480@2x-5ed4213856.jpg', 'home-960@2x-b3d6290fef.jpg', 'features-768@2x-a5e1854ddd.jpg', 'privacy@pandadoc.com', 'security-1200@2x-a998abc5b9.jpg', 'features-1200@2x-d18ad04a08.jpg', 'features@2x-e6400b7940.jpg'}",set()
Paprikash.Works,http://paprikash.works,set(),set()
Paralect,http://www.paralect.com,set(),set()
Pax,http://pax.by,{'sergey@pax.by'},set()
Pay-Me,http://pay-me.ru,{'info@pay-me.ru'},set()
Payever,https://getpayever.com/,"{'marketing-en@2x.jpg', 'icon-trust@2x.png', 'frame-tv@2x.png', 'payever-pos@2x.png', 'payever-contacts@2x.png', 'payever-payments@2x.png', 'payever-marketing@2x.png', 'icon-customer-business@2x.png', 'delivery@2x.png', 'frame-macbook-3@2x.png', 'frame-browser@2x.png', 'info@payever.de', 'payever-campaign@2x.png', 'pos-en@2x.jpg', 'products-en@2x.jpg', 'it@2x.png', 'icon-pos@2x.png', 'warehouse@2x.png', 'payever-products@2x.png', 'dashboard-en@2x.jpg', 'contacts-en@2x.jpg', 'statistics-en@2x.jpg', 'payever-shipping@2x.png', 'bernhard@2x.jpg', 'icon-marketing@2x.png', 'frame-ipad-2@2x.png', 'frame-ipad@2x.png', 'payments-en@2x.jpg', 'icon-it@2x.png', 'icon-warehouse@2x.png', 'payever-dashboard@2x.png', 'messenger-en@2x.jpg', 'shop-en@2x.jpg', 'transactions-en@2x.jpg', 'marketing@2x.png', 'frame-macbook-3-top@2x.png', 'payever-communication@2x.png', 'payever-orders@2x.png', 'frame-macbook@2x.png', 'customer-business@2x.png', 'payever-statistics@2x.png', 'shipping-en@2x.jpg', 'management@2x.png', 'campaign-en@2x.jpg', 'bernhard@getpayever.com', 'payever-shop@2x.png', 'retail@2x.png', 'icon-management@2x.png', 'legal@2x.png'}",set()
PCMarket,http://www.pcmarket.by,{'info@pcmarket.by'},set()
PeerStreet,https://www.peerstreet.com,"{'peerstreet-logo-white@2x-26d4d2680a3f2538e4609ba51499b9bca0215b8d8ecf1d0d230eb8a22e603843.png', 'peerstreet-investments-cycle@2x-779b9929c939f90d40892a79056c422a2509b53efd91af9c18a8d557099672e2.png'}",set()
PHPDev,https://phpdev.org/,"{'info@phpdev.org', 'design@phpdev.org'}",set()
Pi-consult,http://www.pi-consult.by/,{'info2000k@pi-consult.by'},set()
PicsArt,https://picsart.com/,"{'submissions@picsart.com', 'press@picsart.com', 'support@picsart.com', 'info@picsart.com'}",set()
Piplos Media,http://piplos.by,set(),set()
Pix Media,http://www.pix.by,{'info@pix.by'},set()
Pixelhead,http://www.pixelhead.by,set(),set()
PixelPlex,http://pixelplex.by,{'info@pixelplex.by'},set()
Pixolio,http://www.pixolio.by,set(),set()
PJ Software,http://pj-software.com,set(),set()
Playgendary,https://www.playgendary.com,"{'info.sp@playgendary.com', 'info@playgendary.com', 'info.minsk@playgendary.com', 'info@perpetualLicensing.com'}",set()
Playtika,http://www.playtika.com,set(),set()
PM&S Software GmbH,http://www.pms-software.com,{'info@pms-software.com'},set()
PMtech,http://www.pmtech.by/,{'office@pmtech.by'},set()
Poder.IO,http://poder.io,"{'hernan@poder.io', 'alex@poder.io'}",set()
Postindustria,http://Postindustria.com,set(),set()
PowerMeMobile,http://www.powermemobile.com,set(),set()
PRAS,http://ru.pras.company,"{'list@pras.by', 'laiskas@pras.by', 'pismo@pras.by'}",set()
Prisma Soft,http://www.prismasoft.biz,set(),set()
"Productive Edge, LLC",http://www.productiveedge.com,"{'Odessa@ProductiveEdge.com', 'services@productiveedge.com', 'Minsk@ProductiveEdge.com', 'tdicicco@productiveedge.com'}",set()
Profitero,http://www.profitero.com,"{'iStock-696580228-107x71@2x.jpg', 'iStock-696580228-110x73@2x.jpg', 'ecommerce-online-shopping-1024x618@2x.jpg', 'ocado-logo-1-300x300@2x.png', 'gm-logo-1024x1024@2x.png', 'boots-logo-1-110x110@2x.png', 'gm-logo-300x300@2x.png', 'Eric-Bisceglia-107x107@2x.jpg', 'Mars-Greenies-Case-Study-300x153@2x.jpg', 'ecommerce-online-shopping-110x66@2x.jpg', 'Blog-header_PrimeDay2018-300x153@2x.jpg', 'LI_PrimeDay-webinar1-107x56@2x.jpg', 'loreal-logo-110x110@2x.png', 'Tim-Madigan-150x150@2x.jpg', 'ecommerce-online-shopping-300x181@2x.jpg', 'Ch10-Insights-img-300x153@2x.jpg', 'iRobot-Logo-150x150@2x.png', 'iStock-804486810-110x73@2x.jpg', 'LI_PrimeDay-webinar1-110x58@2x.jpg', 'Blog-header_PrimeDay2018-107x55@2x.jpg', 'loreal-logo-1024x1024@2x.png', 'voice-300x153@2x.jpg', 'waitrose-110x110@2x.png', 'Mars-Greenies-Case-Study-107x55@2x.jpg', 'gm-logo-110x110@2x.png', 'affinity-petcare-150x150@2x.png', 'waitrose-300x300@2x.png', 'voice-107x55@2x.jpg', 'speedometer-300x200@2x.jpg', 'heineken-logo-150x150@2x.png', 'loreal-logo-150x150@2x.png', 'beirsdorf-logo-110x110@2x.png', 'waitrose-150x150@2x.png', 'loreal-logo-300x300@2x.png', 'NicoleSnippet-89x107@2x.png', 'iStock-804486810-1024x683@2x.jpg', 'Mars-Greenies-Case-Study-110x56@2x.jpg', 'boots-logo-1-1024x1024@2x.png', 'ecommerce-online-shopping-107x65@2x.jpg', 'boots-logo-1-300x300@2x.png', 'iStock-804486810-300x200@2x.jpg', 'Tim-Madigan-110x110@2x.jpg', 'gm-logo-107x107@2x.png', 'beirsdorf-logo-150x150@2x.png', 'Ch10-Insights-img-2-110x56@2x.jpg', 'gm-logo-150x150@2x.png', 'Ch10-Insights-img-110x56@2x.jpg', 'tokmanni-logo-150x150@2x.png', 'boots-logo-1-107x107@2x.png', 'ecommerce-online-shopping-150x90@2x.jpg', 'nfm-logo-150x150@2x.png', 'ritter-150x150@2x.png', 'Blog-header_PrimeDay2018-110x56@2x.jpg', 'team-desktop-app-300x169@2x.png', 'voice-110x56@2x.jpg', 'waitrose-1024x1024@2x.png', 'ocado-logo-1-110x110@2x.png', 'team-desktop-app-110x62@2x.png', 'loreal-logo-107x107@2x.png', 'Eric-Bisceglia-150x150@2x.jpg', 'beirsdorf-logo-1024x1024@2x.png', 'speedometer-1024x684@2x.jpg', 'beirsdorf-logo-300x300@2x.png', 'boots-logo-1-150x150@2x.png', 'ocado-logo-1-1024x1024@2x.png', 'LI_PrimeDay-webinar1-300x157@2x.jpg', 'speedometer-107x71@2x.jpg', 'califia-logo-150x150@2x.png', 'iStock-696580228-300x200@2x.jpg', 'iStock-696580228-1024x683@2x.jpg', 'Oskar-Kaszubski-101x107@2x.png', 'Ch10-Insights-img-107x55@2x.jpg', 'ocado-logo-1-150x150@2x.png', 'ocado-logo-1-107x107@2x.png', 'team-desktop-app-107x60@2x.png', 'coop-logo-150x150@2x.png', 'iStock-804486810-107x71@2x.jpg', 'NicoleSnippet-92x110@2x.png', 'beirsdorf-logo-107x107@2x.png', 'Ch10-Insights-img-2-300x153@2x.jpg', 'waitrose-107x107@2x.png', 'Oskar-Kaszubski-104x110@2x.png', 'Ch10-Insights-img-2-107x55@2x.jpg', 'Tim-Madigan-107x107@2x.jpg', 'Eric-Bisceglia-110x110@2x.jpg', 'speedometer-110x73@2x.jpg'}",set()
ProgzIT,http://progz.by,{'info@progz.by'},set()
Promwad,https://promwad.ru/,"{'manufacturing@promwad.com', 'info@promwad.ru'}",set()
ProSites,http://prosites.by,set(),set()
PSA Development Center,http://www.psa-software.com,set(),set()
PST Labs LLC,http://www.pstlabs.by,{'info@pstlabs.by'},set()
Pushnovn,https://pushnovn.com/,{'info@pushnovn.com'},set()
title,url,email,phone
R-Style Lab,http://www.r-stylelab.com,{'ask@r-stylelab.com'},set()
RaiseTech,http://raisetech.net,{'contact@raisetech.net'},set()
Random Development,http://rdev.by,"{'info@rdev.by', 'hr@rdev.by'}",set()
Rationale,http://www.social-computing.eu,set(),set()
RecruitLoop,http://recruitloop.com,{'privacy@recruitloop.com'},set()
Red Graphic Interactive Agency,http://www.redgraphic.ru,"{'info@rg.by', 'info@redgraphic.ru'}",set()
Red Technologies,http://www.redtechit.com,"{'est@redtechit.com', 'info@redtechit.com'}",set()
Redline,https://redline.by/,"{'sales@redline.by', 'info@redline.by', 'info@mail.com', 'info@rlweb.ru'}",set()
REDNAVIS,http://rednavis.com,{'info@rednavis.com'},set()
RedStream,http://redstream.by,{'info@redstream.by'},set()
REID Consulting,http://www.realizeideas.net,set(),set()
"Remedy Point Solutions, Inc",http://www.remedypointsolutions.com/,"{'logo@2x.png', 'logo-gray@2x.png', 'Hello@remedypointsolutions.com'}",set()
Revoltech LLC,http://www.revoltechgroup.com,set(),set()
Revotech,http://revotechs.com,{'info@revotechs.com'},set()
Rexpax,http://rexpax.com,set(),set()
RichBrains,http://www.richbrains.net,{'hello@richbrains.net'},set()
RiseArrow,http://risearrow.com,set(),set()
Robotics School LLC,http://robolab.by,{'info@robolab.by'},set()
ROOTin LTD,http://www.r8tin.net,set(),set()
Rovensys,http://www.rovensys.by,{'info@rovensys.by'},set()
Rozum Robotics,https://rozum.com,"{'vk@rozum.com', 'yauheni.kavalenka@rozum.com'}",set()
RT PROJECTS,http://razortheory.com/,{'hi@razortheory.com'},set()
Rubycon Development,http://www.rubycon.by,set(),set()
Rubyroid Labs,http://rubyroidlabs.com,"{'clutch-color@2x-5bbabbbafc2f93a5564854f206fe0ff7.png', 'alex_hul@3x-27b51c9b76ef6db5a57639cca9a94223.jpg', 'alex_galesnik@3x-b56cc4602fbaa629fe1ef32d682b1966.jpg', 'dima_big_hover@2x-26597417d831e22b0b7a18590e7830b4.jpg', 'brug-color@3x-290c7c908ae7ef4da9ead03fcbaccc64.png', 'justin-mob@3x-a920e551479cc7e9380d8f54306a3223.png', 'pasha_hover@2x-c5524befff8174e6d57d229772a079f6.jpg', 'skilled-color@1x-19c283c4e59824a87bd2b9b81ed58464.png', 'skilled-color@3x-13c6e1e0f2ad0daa974574f8c40d6970.png', 'phil_hover@2x-4a951fe94f6583251f2d9bb8c1c73449.jpg', 'iliya_hrytsuk_hover@3x-3d24ff16935feb109615aef516ae3ec7.jpg', 'phil@2x-5fad9cf5e81f6c9443e5a5488194a442.jpg', 'nastya@2x-73f6463c1e94761a1cc18643ac0f2bf7.jpg', 'wadline-color@1x-595b1371ca8e904d7bf2b90e6e4fcf3a.png', 'europages-color@1x-615198af1ed7be3a360844779bb51b4c.png', 'europages-color@3x-2b7c1a344a30188ffe25bc83e2e5bdbd.png', 'dima_big@3x-fae858b0ecba959bd80de51609db3a2a.jpg', 'dima_staver@2x-300d70a2de2ea2b116d0a2a3abcd1a35.jpg', 'dima_big_hover@3x-0fb8efb2cbcc24a8e0320943ab5c9c10.jpg', 'top-agency-blue@1x-b558949216085c61b261f79ed9e0d72b.png', 'andrew-nobg@2x-03cd984f67318e48971ff6979b9f2d3b.png', 'wadline-color@3x-2808dff33237540955d18b210d510400.png', 'anna_moroz@2x-4fce88aee22b2b0a67d6e352b1b13539.jpg', 'fredric-nobg@2x-998a2669b5d81dd8d787fa1ad60ec024.png', 'skilled-blue@1x-a1a060a89775c2e1bdcfe08e939dc66c.png', 'fredric-mob@3x-89670a6d5704f49797ce59f0daf4c0ce.png', 'top-agency-blue@3x-aa3de5c1b8be1058dc11d63bf35660ff.png', 'anna_moroz_hover@3x-0d3b09635dc04afb9105d15edcd5cba0.jpg', 'yura_hover@2x-57ad8c15c34c5269073990468da1ee03.jpg', 'nastya_hover@3x-3a9a1df5c299b0d1d396b07489c20eaa.jpg', 'patricia-mob@2x-5d4938735810aed88a1ddead93b77088.png', 'clutch-blue@2x-655b6cf740592ccc263b5a0bb25d04c1.png', 'yura@3x-386792666af9ce7bdc7664d7db128c38.jpg', 'clutch-color@3x-28d2825e9ab24061a06a3c513d4815fc.png', 'good-firms-blue@3x-9f259c098a9311752dd5aad4fecfdaf7.png', 'wadline-color@2x-4a06c730c2c9a38781688b8e930e1cdd.png', 'alex_hul_hover@2x-23d5ab9abdcfd9955ff0845cdb6fa25e.jpg', 'wadline-blue@3x-b37788f67a0d86319dc552ad428e2d00.png', 'iliya_hrytsuk@3x-24c041b70c419f6adee2bf6a009b29ec.jpg', 'justin-nobg@3x-d1774a90718b9617f88318416dc48d4c.png', 'val_zavadsky@2x-ce13144383717561dec34b3dc6228980.jpg', 'val_zavadsky_hover@3x-656615cb0ffd49d8711d1f48c3949203.jpg', 'nastya_hover@2x-e6fb7227fea44502655062e3e314fdc9.jpg', 'alex_galesnik_hover@2x-7f810096f3b97e9337047303dfc2c63f.jpg', 'extract-color@2x-835527f202013c6ba9c01ca8452c25bc.png', 'fredric-mob@2x-bdbcf32482dc31178717363ea52c72f1.png', 'dasha_hover@3x-c68d85a1c04fbdae79e4e9fd8d6d6791.jpg', 'andrew-mob@2x-1ab5dadbb789d8cbfa7332ab12a5c941.png', 'extract-color@3x-2bae7009c694965c8cc426dc03ad097d.png', 'phil_hover@3x-19928fc68d6d1c495768f1420370b62e.jpg', 'wadline-blue@2x-c36caafc5652056a48d9a1820ac634c8.png', 'good-firms-blue@2x-844f349dcb8b56eb7c15cd0283937d63.png', 'europages-blue@2x-35006af803bc93d65611a3ffdeaf5a47.png', 'dima_staver_hover@3x-676af919ed6e3a020a559527baef6aa1.jpg', 'brug-blue@3x-887390b6a97fc851a6643f0421f33334.png', 'justin-nobg@2x-5bc8dc9be5a17373141ef0502b9dcedb.png', 'extract-blue@2x-e073d2a9206622881de28a10f8d0a28a.png', 'patricia-nobg@3x-79230ad62d4a26ab717b7997e034f93b.png', 'wadline-blue@1x-593ce728b1d6a942d432598c640dd776.png', 'skilled-blue@2x-2382db40310196de903a6272d99a04d0.png', 'good-firms-color@2x-3e589d917164adca6b625395cf80657a.png', 'europages-color@2x-09378be28a0a628e4adfe6477002153b.png', 'dasha_hover@2x-ddf2c60a7d144277c0b13a0c477fe7b3.jpg', 'dima_big@2x-e70a69248224c1adeeacb9bb43e5ad04.jpg', 'top-agency-color@1x-8fdf88f456c93b955a2944681e48f24d.png', 'brug-blue@2x-80ad79b513d84ed523ac42412c4949cb.png', 'extract-color@1x-dd4ace9d57e61804b8bbd3477ecdb1e1.png', 'anna_moroz@3x-00cabee971dc1f3f72b64acd6b0855fd.jpg', 'alex_galesnik@2x-87f8b822bd4ca640f5f9121a42820137.jpg', 'iliya_hrytsuk@2x-0b304cee3216c037a3ee0e8652430892.jpg', 'brug-color@1x-017b3404c9e6e4421c31ca86add5fadc.png', 'extract-blue@3x-49f48fc6130c97f702481b545086e9b2.png', 'iliya_hrytsuk_hover@2x-585dbdf1d3e4b1cf8984416c0b1249bd.jpg', 'dima_staver@3x-acd52b787b409375fffff0ed20ab96ca.jpg', 'europages-blue@1x-6b70fc3a39e787244ae49a3f7dad3276.png', 'extract-blue@1x-043c3bea960dca8737b00512a1772f63.png', 'nastya@3x-671b68c70985f36a87d57bb499320f6d.jpg', 'top-agency-color@2x-e39e28f588848ae87e1f3924f7684a05.png', 'skilled-color@2x-a7e14946f23c1c54be285449a5d4aae8.png', 'yura_hover@3x-dec16640695fc52438ff807543f81630.jpg', 'alex_hul@2x-c3a6173de4a070f3f7eb1d67ab145a40.jpg', 'clutch-blue@3x-6feb37cce2dcac386b820824a8e8b606.png', 'good-firms-color@3x-d520ff69e9da070a7c59330d19840be1.png', 'dasha@2x-6193aecf46f942da9364d5bcb0b38ec4.jpg', 'clutch-blue@1x-75e2286a11199c719b4d42b924c203d7.png', 'patricia-nobg@2x-a94c6dd542c7866816272647735da0c8.png', 'pasha@2x-5cfba2089b0cfd9df2ed177b92fdd744.jpg', 'phil@3x-fd542a1373b474de029b8a3f0979b694.jpg', 'skilled-blue@3x-f58485003b9eb1a6afec95e550dffde1.png', 'justin-mob@2x-9196deb348e26e6f51613aef90e0a2ce.png', 'val_zavadsky@3x-8e471a73c7f9e8379da41040f1d6ba2f.jpg', 'good-firms-color@1x-6aab69a700fc24a7d37490e52e0151e8.png', 'anna_moroz_hover@2x-8463c0009f07ba6518e7ad02ca666793.jpg', 'dima_staver_hover@2x-23d4aad4de5810afbf4ba06fe2120743.jpg', 'brug-blue@1x-466063c45b01a710d1256dda69ee3294.png', 'pasha_hover@3x-2ca8545163c9e92fd72c3ff10ec1dc3e.jpg', 'good-firms-blue@1x-1986c736581826166c841e2da27b6413.png', 'dasha@3x-8b8004d76fcc287ef5fbc06c211b915d.jpg', 'fredric-nobg@3x-a765cc035f93aa5fa57171be0820fe17.png', 'val_zavadsky_hover@2x-f073bfedc105313e966d305abc8bfbfb.jpg', 'pasha@3x-d10dc724a51dd0cdd7fcfdf66e6097da.jpg', 'andrew-mob@3x-fa2d34cd26870de4ead117139125a086.png', 'europages-blue@3x-2e4103d00032598e2ae288db4b21a001.png', 'top-agency-color@3x-d85953af3f1886d891ae27854b93222c.png', 'andrew-nobg@3x-0448b95e35d261770c033c25c3212452.png', 'top-agency-blue@2x-a66b28b692c6d9adfe0489e45700c271.png', 'yura@2x-8f07ed9f086e43365ea9bfe61a37f6a1.jpg', 'brug-color@2x-0c53d03090e6f52595d28d5f571787e0.png', 'alex_galesnik_hover@3x-fd9035673d7e45997ef25e09e5a46f6a.jpg', 'patricia-mob@3x-4ccb117600f5c4bfa5fb03a4163c92ee.png', 'clutch-color@1x-d0bbaab9af15a15fc36f20edc23d1899.png', 'alex_hul_hover@3x-df0b3ee9c3df3f721f3afaf54fdb6fa1.jpg'}",set()
Runa Systems,http://runasystems.by/,set(),set()
Ryxol Solutions,http://ryxol.com,{'dev@ryxol.com'},set()
title,url,email,phone
Sakrament-IT,http://sakrament.by,{'office@sakrament.by'},set()
Salestime,http://salestime.by/,"{'info@salestime.by', 'Rating@Mail.ru'}",set()
SaM Solutions,http://www.sam-solutions.by,"{'vertrieb@sam-solutions.de', 'infoua@sam-solutions.com', 'info@sam-solutions.nl', 'info@sam-solutions.com', 'info@sam-solutions.us'}",set()
Samanta Technologies,http://www.samantaonline.com,set(),set()
SASecurity Group,http://www.sasecurity.by,set(),set()
SBCGroup,http://www.sbcgroup.ru,{'info@sbcgroup.ru'},set()
SCAND,http://www.scand.by,"{'info@scand.com', 'contact@scand.com'}",set()
SchoolBook,https://ediary.by,set(),set()
ScienceSoft,http://www.scnsoft.com,"{'emea@scnsoft.com', 'eu@scnsoft.com', 'contact@scnsoft.com'}",set()
Scorum,https://scorum.com/en-us/,"{'mas_rahadian@yahoo.co.id', 'hello@coingecko.com', 'hello@sportvest.io'}",set()
SDevs,http://edifecs.com,"{'support@edifecs.com', 'sales@edifecs.com', 'consulting@edifecs.com'}",set()
SE Ranking,https://seranking.com/,"{'fin@seranking.com', 'help@seranking.com'}",set()
SearchInform,http://www.searchinform.ru,"{'g.sytnik@searchinform.ru', 'partners@searchinform.ru', 'info@searchinform.ru', 't.novikova@searchinform.ru', 'order@searchinform.ru', 'support@searchinform.ru'}",set()
Semantica-IT,https://www.semantica.ru,set(),set()
SEOTAG,http://seotag.by,"{'mail@seotag.by', 'job@seotag.by'}",set()
Serpico,http://serpi.co,set(),set()
Severex,http://severex.by,set(),set()
SHANCE GAMES,http://shancegames.com,"{'Shancegames@gmail.com', 'shancegames@gmail.com'}",set()
Sheep Apps,https://sheep-apps.com,set(),set()
ShopTo.By,http://shopto.by,set(),set()
Sideways 6,https://sideways6.com/,{'hello@sideways6.com'},set()
Silicon valley software group (svsg),http://www.svsg.co,"{'username@example.com', 'contact@svsg.co'}",set()
SimpITy,http://simpity.by,set(),set()
Simple Solutions,http://www.sisols.com,"{'info@sisols.com', 'natalia.khizhevskaya@sisols.com', 'victoria.goriunova@sisols.ru', 'olga.sokolova@sisols.ru'}",set()
Singulart,http://singulart.io,{'contact@singulart.io'},set()
SITECH,http://sitech.by,set(),set()
SiteFactory,http://fabrika-saitov.by,set(),set()
SivinTech Group,http://sivintech.com/,{'sales@sivintech.com'},set()
SK hynix memory solutions Eastern Europe,http://skhms.by/,"{'skhmse.contact@skhynix.com', 'skhmse.jobs@skhynix.com'}",set()
SKDO,http://skdo.pro,{'hello@skdo.pro'},set()
title,url,email,phone
Talaka,http://talaka.org,"{'support@talaka.org', 'praca@talaka.org', 'a210fe7e165c48909055b347e20c78eb@app.getsentry.com', 'consult@talaka.org', 'support@talaka.by'}",set()
Tanix Group,http://www.tanix.by,"{'Rating@Mail.ru', 'info@tanix.by'}",set()
Tapston,http://tapston.com,{'hello@tapston.com'},set()
Taqtile,http://www.taqtile.com/,{'info@taqtile.com'},set()
Targetprocess,http://crew.targetprocess.by/,"{'spam@targetprocess.by', 'crew@targetprocess.by'}",set()
TargSoft,https://targsoftware.com,{'info@targsoftware.com'},set()
TecArt,http://www.tecart.by,{'info@tecart.by'},set()
TechMedia,http://techmedia.by,set(),set()
Technoton Engineering,http://www.rd-technoton.com,{'info@rd-technoton.com'},set()
Tectus Media,http://eplane.com,{'hello@eplane.com'},set()
Tegrosoft,http://www.tegosoft.com,set(),set()
Teleolabs,http://teleolabs.com,"{'jobs@teleolabs.com', 'a@teleolabs.com', 'teleolabs@gmail.com'}",set()
Telescopia,http://www.telescopia.by,set(),set()
Teqniksoft,https://teqniksoft.com,set(),set()
TerraScale LLC,https://www.godigitalmg.com/,set(),set()
The Foundry,http://thefoundry.dk,set(),set()
The Landing Page,http://thelandingpage.by,"{'ekaterina@thelandingpage.by', 'aleksandr.varakin2015@yandex.ru'}",set()
The piJnz Group,http://www.pijnz.com,{'webmaster@example.com'},set()
TheHamon,http://www.thehamon.com,set(),set()
TikGames,http://www.tikgames.com,{'support@tikgames.com'},set()
Todes,http://www.todes.by,{'info@todes.by'},set()
TOTL Center Group,http://innotech-labs.com,set(),set()
Touchlane,http://touchlane.com,"{'enquiries@touchlane.com', '3@2x-a0ecd2eaa1e9b8d87fa792275d731d06.jpg', '2@2x-0d4e2584ef0b24196e587e42db224b0d.jpg', '1@2x-97af424c318c340272a00c34db5469de.jpg', '1@2x-f4c3e134ee7f2b5b50ae4993d8515436.jpg', '2@2x-cfe56b65867ee799ba17f0601f881fef.jpg', '3@2x-3b3f5203188c97e1d214ea5282f10db9.jpg', '1@2x-df39be40149d2424ab459ddd2f3ab63b.jpg', '3@2x-8f99ae03ce46bf2972d529f598ba2e66.jpg', 'iphone-front-black@2x-739b864cfdb8f7d59c926f2e37e89be5.png', 'iphone-front-white@2x-82aef0c72b692fa6f221ffaf4825c132.png', 'bg-hand@2x-c2886b795f1b4c5aeb3b19f8c81c7f94.png', '2@2x-c883bdf3cbb498c99ffdaf797c10fadc.jpg'}",set()
TouchSoft,http://-,set(),set()
Track-POD,https://www.track-pod.com/,{'info@track-pod.com'},set()
TravelLine,http://Travelline.by,"{'welcome@travelline.by', 'support@travelline.by'}",set()
TravelSoft,http://travelsoft.by,{'info@travelsoft.by'},set()
TRexSoft,http://t-rex.by,set(),set()
Triggre Studios,http://www.triggre.by,set(),set()
TulaCo,http://tula.co,{'info@tula.co'},set()
TurboHeads,http://www.turboheads.by,set(),set()
TUT.BY / HOSTER.BY,http://tutby.com,"{'ads@tutby.com', 'logo@2x.png'}",set()
TutorOnline,http://www.tutoronline.ru,"{'sv@tutoronline.ru', 'info@tutoronline.ru', 'onlinetutor.net@gmail.com'}",set()
Twinslash,http://www.twinslash.com,"{'info@twinslash.com', 'hr@twinslash.com'}",set()
Twistellar,http://www.twistellar.com,{'hello@twistellar.com'},set()
title,url,email,phone
Uber,http://uber.com,"{'u002Fmobile-careers-teams-communications@2x-ac62c82ee1.jpg', 'u002Fdesk-careers-teams-global-community-operations@2x-74fa6049cd.jpg', 'u002Fmobile-careers-teams-business@2x.jpg', 'u002Fmobile-fare-estimate-map@2x.jpg', 'u002Fmobile-partner-app-hero@2x-b52fcbe7fe.jpg', 'u002Ftablet-careers-carousel-6@2x.jpg', 'u002Fdesk-careers-teams-people-operations@2x-2c3607784a.jpg', 'u002Fdesk-about-portrait-irina@2x.jpg', 'u002Ftablet-careers-teams-finance-and-accounting@2x-1b40e02fb9.jpg', 'u002Fmobile-careers-carousel-3@2x.jpg', 'u002Fmobile-careers-teams-marketing@2x-c03800ea56.jpg', 'u002Ftablet-about-portrait-diego@2x.jpg', 'u002Ftablet-about-portrait-david@2x.jpg', 'u002Fdesk-about-portrait-diego@2x-6e11e0946c.jpg', 'u002Fdesk-careers-teams-growth-marketing@2x-4ae8f539e2.jpg', 'u002Fmobile-about-portrait-diego@2x.jpg', 'u002Fdesk-careers-carousel-6@2x.jpg', 'u002Fmobile-careers-teams-global-community-operations@2x.jpg', 'u002Fmobile-about-landscape-natalia@2x.jpg', 'u002Ftablet-about-portrait-david@2x-6bd67710a1.jpg', 'u002Fdesk-about-portrait-marc@2x-187e62e1a8.jpg', 'u002Ftablet-careers-teams-engineering@2x-7c9091dd30.jpg', 'u002Fmobile-about-portrait-anand@2x.jpg', 'u002Fdesk-careers-teams-engineering@2x.jpg', 'u002Fmobile-about-portrait-david@2x-1c25956339.jpg', 'u002Fdesk-partner-app-convenience@2x-59dd5b1423.jpg', 'u002Fdesk-careers-carousel-4@2x.jpg', 'u002Ftablet-about-portrait-daniel@2x-b0d59b9392.jpg', 'u002Ftablet-careers-teams-university@2x.jpg', 'u002Fmobile-fare-estimate-map@2x-bd909a426c.jpg', 'u002Ftablet-careers-teams-public-policy@2x-7a949066ab.jpg', 'u002Fdesk-careers-carousel-3@2x.jpg', 'u002Fmobile-about-portrait-patrick@2x.jpg', 'u002Ftablet-careers-teams-engineering@2x.jpg', 'u002Ftablet-careers-teams-design@2x.jpg', 'u002Fmobile-about-portrait-diego@2x-e541f527e2.jpg', 'u002Ftablet-careers-teams-public-policy-and-communications@2x.jpg', 'u002Ftablet-careers-teams-operations-and-launch@2x-3ebdb044aa.jpg', 'u002Ftablet-careers-teams-people-operations@2x-2c3607784a.jpg', 'u002Fmobile-about-portrait-sargam@2x.jpg', 'u002Ftablet-careers-carousel-1@2x.jpg', 'u002Fmobile-careers-teams-product@2x-4f4c388d5e.jpg', 'u002Fpartner-app-upcoming@2x-f529b929f1.png', 'u002Fpartner-app-summaries@2x.jpg', 'u002Fdesk-careers-teams-business@2x-940566f748.jpg', 'u002Fdesk-careers-teams-legal@2x.jpg', 'u002Fpartner-app-predictions@2x.png', 'u002Fdesk-about-landscape-christina-tianjin@2x-c0fd94be2f.jpg', 'u002Fdesk-about-portrait-sargam@2x.jpg', 'u002Fpartner-app-instant@2x.png', 'u002Ftablet-about-portrait-john@2x-dc8a7ed44f.jpg', 'u002Fdesk-about-portrait-patrick@2x.jpg', 'u002Ftablet-cities-map@2x.jpg', 'u002Fmobile-about-portrait-david@2x.jpg', 'u002Ftablet-about-portrait-esther@2x-486fd42185.jpg', 'u002Fmobile-careers-teams-advanced-technologies-group@2x-179aea746a.jpg', 'u002Fdesk-careers-teams-engineering@2x-7c9091dd30.jpg', 'u002Fdesk-careers-teams-global-community-operations@2x.jpg', 'u002Ftablet-about-portrait-marc@2x.jpg', 'u002Fmobile-careers-teams-design@2x-42bf1491e5.jpg', 'u002Fpartner-app-comments@2x-b6be9097dd.png', 'u002Fdesk-careers-carousel-2@2x-10b82e13af.jpg', 'u002Ftablet-careers-carousel-2@2x-10b82e13af.jpg', 'u002Fmobile-careers-carousel-6@2x.jpg', 'u002Ftablet-about-portrait-anand@2x-e40bdba378.jpg', 'u002Ftablet-partner-app-convenience@2x.jpg', 'u002Fmobile-careers-teams-engineering@2x.jpg', 'u002Fmobile-about-portrait-christina-tianjin@2x.jpg', 'u002Ftablet-careers-teams-business-and-sales@2x.jpg', 'u002Fpartner-app-summaries@2x-3965b81a94.jpg', 'u002Ftablet-careers-teams-advanced-technologies-group@2x-6e83080d78.jpg', 'u002Fdesk-about-portrait-liz@2x.jpg', 'u002Fdesk-about-portrait-john@2x-eaa4ea7a39.jpg', 'u002Fdesk-about-portrait-anand@2x-da76073444.jpg', 'u002Ftablet-careers-teams-business-and-sales@2x-940566f748.jpg', 'u002Fmobile-careers-teams-people-operations@2x.jpg', 'u002Fmobile-careers-carousel-2@2x.jpg', 'u002Fdesk-about-portrait-anand@2x.jpg', 'u002Fmobile-about-portrait-anand@2x-72f44f9a59.jpg', 'u002Ftablet-careers-carousel-4@2x.jpg', 'u002Fmobile-careers-teams-local-marketing@2x.jpg', 'u002Fpartner-app-comments@2x.png', 'u002Ftablet-careers-teams-business@2x-940566f748.jpg', 'u002Ftablet-careers-teams-rentals-and-leasing@2x-98b7708f3c.jpg', 'u002Fdesk-careers-teams-legal@2x-b40235bebf.jpg', 'u002Fdesk-about-landscape-christina-tianjin@2x.jpg', 'u002Fmobile-careers-teams-advanced-technologies-group@2x.jpg', 'u002Fdesk-about-portrait-sargam@2x-898bf15acd.jpg', 'u002Fmobile-careers-teams-business@2x-1e80473460.jpg', 'u002Fdesk-about-portrait-daniel@2x-a4a2b2b4e4.jpg', 'u002Ftablet-about-portrait-diego@2x-f0192357dd.jpg', 'u002Ftablet-careers-teams-local-marketing@2x-1066158b71.jpg', 'u002Ftablet-careers-teams-design@2x-71396c9e75.jpg', 'u002Fdesk-about-landscape-natalia@2x-141fa78e2f.jpg', 'u002Fmobile-careers-teams-legal@2x.jpg', 'u002Fmobile-about-portrait-christina-oakland@2x.jpg', 'u002Fdesk-careers-teams-safety-and-security@2x.jpg', 'u002Ftablet-careers-carousel-4@2x-9a6d6aa5f9.jpg', 'u002Fdesk-careers-teams-operations-and-launch@2x.jpg', 'u002Fmobile-careers-teams-university@2x.jpg', 'u002Ftablet-careers-teams-communications@2x.jpg', 'u002Fdesk-careers-teams-finance-and-accounting@2x.jpg', 'u002Fpartner-app-upcoming@2x.png', 'u002Fmobile-careers-teams-safety-and-security@2x.jpg', 'u002Fmobile-careers-teams-public-policy-and-communications@2x-c4f268128d.jpg', 'u002Fmobile-about-portrait-marc@2x-7271cbda07.jpg', 'u002Ftablet-careers-teams-marketing@2x.jpg', 'u002Fmobile-about-portrait-john@2x.jpg', 'u002Ftablet-careers-teams-marketing@2x-4ae8f539e2.jpg', 'u002Fmobile-about-portrait-liz@2x.jpg', 'u002Fmobile-careers-teams-operations-and-launch@2x.jpg', 'u002Fmobile-about-portrait-esther@2x.jpg', 'u002Fdesk-careers-teams-marketing@2x-4ae8f539e2.jpg', 'u002Ftablet-careers-teams-safety-and-security@2x.jpg', 'u002Fdesk-careers-teams-public-policy-and-communications@2x.jpg', 'u002Ftablet-careers-teams-public-policy@2x.jpg', 'u002Fmobile-careers-teams-finance-and-accounting@2x-29cb46964f.jpg', 'u002Fdesk-careers-carousel-6@2x-0c619157ef.jpg', 'u002Ftablet-about-portrait-christina-oakland@2x.jpg', 'u002Ftablet-careers-carousel-3@2x-dcd63d72f1.jpg', 'u002Fmobile-careers-teams-marketing@2x.jpg', 'u002Fdesk-about-portrait-esther@2x-e2023e532d.jpg', 'u002Fmobile-about-landscape-natalia@2x-0a10bbe4cf.jpg', 'u002Ftablet-careers-teams-global-community-operations@2x.jpg', 'u002Fdesk-partner-app-hero@2x-0fc15a0a59.jpg', 'u002Ftablet-about-landscape-joe@2x-db10f5733a.jpg', 'u002Fmobile-cities-map@2x.jpg', 'u002Ftablet-careers-carousel-6@2x-0c619157ef.jpg', 'u002Fpartner-app-notifications@2x-4bca3169ba.png', 'u002Fmobile-careers-teams-public-policy@2x-1e6b2721c7.jpg', 'u002Fmobile-careers-teams-public-policy-and-communications@2x.jpg', 'u002Ftablet-about-portrait-irina@2x.jpg', 'u002Fpartner-app-summaries@2x.png', 'u002Fdesk-careers-teams-public-policy@2x-7a949066ab.jpg', 'u002Fmobile-about-portrait-joe@2x.jpg', 'u002Fmobile-about-portrait-christina-oakland@2x-050a46acf5.jpg', 'u002Ftablet-about-portrait-christina-oakland@2x-6a9f7f0d1e.jpg', 'u002Fmobile-careers-teams-product@2x.jpg', 'u002Fpartner-app-notifications@2x.png', 'email@example.com', 'u002Fdesk-careers-teams-design@2x.jpg', 'u002Fdesk-partner-app-hero@2x.jpg', 'u002Fmobile-careers-teams-business-and-sales@2x-1e80473460.jpg', 'u002Fdesk-careers-teams-safety-and-security@2x-c888415029.jpg', 'u002Ftablet-about-portrait-anand@2x.jpg', 'u002Fmobile-careers-teams-global-community-operations@2x-afbf24121e.jpg', 'u002Fmobile-careers-carousel-1@2x.jpg', 'u002Fmobile-partner-app-hero@2x.jpg', 'u002Ftablet-about-portrait-liz@2x.jpg', 'u002Ftablet-careers-teams-business@2x.jpg', 'u002Fdesk-careers-teams-university@2x.jpg', 'u002Fdesk-careers-teams-local-marketing@2x.jpg', 'u002Fmobile-careers-teams-operations-and-launch@2x-dd3827b399.jpg', 'u002Ftablet-about-portrait-sargam@2x.jpg', 'u002Fdesk-careers-teams-product@2x.jpg', 'u002Fmobile-about-portrait-daniel@2x.jpg', 'u002Ftablet-careers-teams-people-operations@2x.jpg', 'u002Fmobile-careers-carousel-6@2x-6da2485fc8.jpg', 'u002Fmobile-partner-app-convenience@2x.jpg', 'u002Fmobile-about-portrait-marc@2x.jpg', 'u002Fmobile-careers-carousel-2@2x-1f76d327bd.jpg', 'u002Ftablet-about-portrait-john@2x.jpg', 'u002Ftablet-about-portrait-daniel@2x.jpg', 'u002Fmobile-about-portrait-irina@2x-3820cf60a7.jpg', 'u002Fdesk-careers-carousel-1@2x.jpg', 'u002Fdesk-about-portrait-christina-oakland@2x.jpg', 'u002Ftablet-about-landscape-natalia@2x.jpg', 'u002Fmobile-careers-teams-rentals-and-leasing@2x.jpg', 'u002Fdesk-careers-teams-rentals-and-leasing@2x.jpg', 'u002Fmobile-careers-teams-growth-marketing@2x.jpg', 'u002Fdesk-cities-map@2x-09ac227f1b.jpg', 'u002Fmobile-careers-teams-finance-and-accounting@2x.jpg', 'u002Fdesk-careers-teams-marketing@2x.jpg', 'u002Fhome-preview-rider@2x-d7aaaee6e0.png', 'u002Ftablet-careers-teams-rentals-and-leasing@2x.jpg', 'u002Fdesk-careers-teams-local-marketing@2x-1066158b71.jpg', 'u002Fdesk-careers-teams-university@2x-d693f46435.jpg', 'u002Ftablet-about-landscape-christina-tianjin@2x.jpg', 'app-icon-rider@2x-0bf23b1cda.png', 'u002Fdesk-about-portrait-esther@2x.jpg', 'u002Ftablet-partner-app-convenience@2x-fe2b4ad095.jpg', 'u002Ftablet-careers-teams-advanced-technologies-group@2x.jpg', 'u002Fmobile-about-portrait-patrick@2x-4f5ead4dbf.jpg', 'u002Fdesk-about-portrait-christina-oakland@2x-0adc7597a1.jpg', 'u002Ftablet-about-portrait-irina@2x-8ff299e2ea.jpg', 'u002Fdesk-careers-teams-business-and-sales@2x.jpg', 'u002Ftablet-careers-teams-product@2x-7cf1d3037a.jpg', 'u002Fmobile-careers-carousel-3@2x-368529aa5e.jpg', 'u002Fmobile-careers-teams-public-policy@2x.jpg', 'u002Ftablet-cities-map@2x-e74f92d0ac.jpg', 'u002Fdesk-careers-teams-growth-marketing@2x.jpg', 'u002Fdesk-careers-carousel-1@2x-e5bd6305a1.jpg', 'u002Fhome-preview-driver@2x.png', 'u002Fmobile-careers-carousel-4@2x.jpg', 'u002Ftablet-about-portrait-esther@2x.jpg', 'u002Ftablet-careers-carousel-3@2x.jpg', '35b7a43f108f4ae2b58bb92aeea003fa@www.uber.com', 'u002Fdesk-about-portrait-diego@2x.jpg', 'u002Fdesk-about-portrait-david@2x-ae978b5ab9.jpg', 'u002Ftablet-about-landscape-christina-tianjin@2x-1f5cef25f4.jpg', 'u002Ftablet-careers-teams-safety-and-security@2x-c888415029.jpg', 'u002Fmobile-about-portrait-irina@2x.jpg', 'u002Fmobile-partner-app-convenience@2x-1c1dd25a25.jpg', 'u002Fdesk-about-portrait-liz@2x-b162814b1c.jpg', 'u002Fdesk-careers-teams-finance-and-accounting@2x-1b40e02fb9.jpg', 'u002Fdesk-careers-teams-public-policy@2x.jpg', 'u002Fdesk-careers-carousel-4@2x-9a6d6aa5f9.jpg', 'u002Fdesk-careers-teams-product@2x-7cf1d3037a.jpg', 'u002Ftablet-careers-teams-operations-and-launch@2x.jpg', 'u002Fmobile-about-portrait-liz@2x-84e35cb239.jpg', 'u002Ftablet-careers-teams-public-policy-and-communications@2x-999575fc45.jpg', 'u002Fmobile-careers-carousel-1@2x-0c8f510fd2.jpg', 'u002Fmobile-careers-carousel-4@2x-de004f148e.jpg', 'u002Ftablet-careers-teams-finance-and-accounting@2x.jpg', 'u002Fmobile-cities-map@2x-a809d09566.jpg', 'u002Fdesk-careers-teams-advanced-technologies-group@2x-6e83080d78.jpg', 'u002Ftablet-about-landscape-natalia@2x-06cdbd9c10.jpg', 'u002Ftablet-careers-carousel-2@2x.jpg', 'u002Ftablet-about-portrait-patrick@2x.jpg', 'u002Fmobile-careers-teams-legal@2x-3519663ce8.jpg', 'u002Ftablet-careers-teams-communications@2x-a3e034be4b.jpg', 'u002Ftablet-careers-teams-growth-marketing@2x-4ae8f539e2.jpg', 'u002Fdesk-careers-teams-business@2x.jpg', 'u002Ftablet-careers-teams-legal@2x-b40235bebf.jpg', 'u002Fdesk-careers-teams-communications@2x-a3e034be4b.jpg', 'u002Fdesk-about-portrait-irina@2x-08bf67e446.jpg', 'u002Fdesk-about-portrait-daniel@2x.jpg', 'u002Fpartner-app-predictions@2x-23de8db42c.png', 'u002Fdesk-about-landscape-joe@2x.jpg', 'u002Fdesk-careers-teams-communications@2x.jpg', 'u002Fpartner-app-summaries@2x-e6a06132c1.png', 'u002Fmobile-about-portrait-christina-tianjin@2x-f01cde96a3.jpg', 'u002Ftablet-careers-teams-product@2x.jpg', 'u002Fdesk-careers-teams-rentals-and-leasing@2x-98b7708f3c.jpg', 'u002Ftablet-about-portrait-liz@2x-96d6612f17.jpg', 'u002Fapp-icon-rider@2x-0bf23b1cda.png', 'u002Ftablet-partner-app-hero@2x.jpg', 'u002Fdesk-about-portrait-marc@2x.jpg', 'u002Ftablet-about-portrait-marc@2x-ef361cf942.jpg', 'u002Fhome-preview-rider@2x.png', 'u002Ftablet-careers-carousel-1@2x-e5bd6305a1.jpg', 'u002Fmobile-careers-teams-university@2x-2f24b67da4.jpg', 'u002Ftablet-about-portrait-patrick@2x-d588f2e277.jpg', 'u002Fmobile-careers-teams-safety-and-security@2x-25fcb59600.jpg', 'u002Ftablet-careers-teams-legal@2x.jpg', 'u002Fdesk-partner-app-convenience@2x.jpg', 'u002Fmobile-about-portrait-daniel@2x-f8547774e2.jpg', 'u002Fdesk-about-landscape-natalia@2x.jpg', 'u002Fdesk-about-portrait-patrick@2x-6ca8754090.jpg', 'u002Ftablet-careers-teams-local-marketing@2x.jpg', 'u002Fmobile-careers-teams-business-and-sales@2x.jpg', 'u002Fmobile-careers-teams-local-marketing@2x-50ebbb1e29.jpg', 'u002Fmobile-about-portrait-sargam@2x-723bf79efd.jpg', 'u002Fdesk-careers-teams-design@2x-71396c9e75.jpg', 'u002Fdesk-careers-teams-public-policy-and-communications@2x-999575fc45.jpg', 'u002Fdesk-careers-teams-people-operations@2x.jpg', 'u002Ftablet-about-portrait-sargam@2x-c663f9a28b.jpg', 'u002Fdesk-careers-teams-operations-and-launch@2x-3ebdb044aa.jpg', 'u002Fdesk-about-landscape-joe@2x-6f51886e22.jpg', 'u002Fmobile-careers-teams-growth-marketing@2x-c03800ea56.jpg', 'u002Fmobile-careers-teams-rentals-and-leasing@2x-cb789be716.jpg', 'u002Fpartner-app-instant@2x-10d74136e3.png', 'u002Fmobile-careers-teams-people-operations@2x-583e75ed0f.jpg', 'u002Fdesk-careers-carousel-2@2x.jpg', 'u002Ftablet-about-landscape-joe@2x.jpg', 'u002Ftablet-careers-teams-global-community-operations@2x-74fa6049cd.jpg', 'u002Fapp-icon-rider@2x.png', 'u002Fdesk-careers-teams-advanced-technologies-group@2x.jpg', 'u002Fmobile-careers-teams-engineering@2x-1b52175574.jpg', 'u002Fhome-preview-driver@2x-6bf5f7698a.png', 'u002Fmobile-about-portrait-john@2x-e61c80ac3d.jpg', 'u002Fdesk-about-portrait-john@2x.jpg', 'u002Fmobile-about-portrait-esther@2x-11baaaef8a.jpg', 'u002Fmobile-careers-teams-design@2x.jpg', 'u002Fdesk-careers-carousel-3@2x-dcd63d72f1.jpg', 'u002Ftablet-careers-teams-university@2x-d693f46435.jpg', 'u002Fmobile-about-portrait-joe@2x-1abefa773c.jpg', 'u002Fdesk-about-portrait-david@2x.jpg', 'u002Fdesk-cities-map@2x.jpg', 'u002Fdesk-careers-teams-business-and-sales@2x-940566f748.jpg', 'u002Ftablet-partner-app-hero@2x-4d9a622c80.jpg', 'u002Fmobile-careers-teams-communications@2x.jpg', 'u002Ftablet-careers-teams-growth-marketing@2x.jpg'}",set()
Ultralab,http://www.ultralab.by,{'join@ultralab.by'},set()
Unicoding,http://unicoding.by,{'info@unicoding.by'},set()
Union Progress,http://union-progress.com,set(),set()
UNIQ Digital,http://uniq.by,set(),set()
UnitedTM,http://unitedtm.by,{'info@unitedtm.by'},set()
UniTesS,http://www.unitess.by,"{'sales@unitess.by', 'info@linkmaster.kz'}",set()
Unum,http://datapo.com,set(),set()
UPH Global,http://uph-digital.com,{'hello@uph-digital.com'},set()
Upsilon-It,http://upsilonit.com,{'info@upsilonit.com'},set()
US Belar IT Group,http://usbelar.by/,set(),set()
UseResponse Inc,https://www.useresponse.com,{'support@useresponse.com'},set()
UserExperience,http://uex.by,{'info@uex.by'},set()
UXpresso,http://uxpresso.by,{'uxpresso@uxpresso.by'},set()
title,url,email,phone
VelvetDEV,http://VelvetDEV.com,set(),set()
VERV,http://verv.com,set(),set()
VG Group,http://VG-group.pro,{'info@vg-group.pro'},set()
VIAcode,http://www.viacode.com,"{'webmaster@viacode.com', 'info@VIAcode.com'}",set()
Viber,http://www.viber.com,set(),set()
VibroBox,https://www.vibrobox.ru/,set(),set()
Vigbo,http://www.vigbo.com,"{'hello@vigbo.com', 'HELLO@VIGBO.COM', 'your@mail.ru', 'name@gmail.com', 'jobs@vigbo.com'}",set()
Vilia,http://vilia.fr,set(),set()
Vilparts,http://ogvtek.com,set(),set()
VironIT,http://vironit.com/,"{'office@vironit.co.uk', 'dev@vironit.com', 'resume@vironit.com', 'info@vironit.com'}",set()
"Visata Systems, LLC",http://www.visata.org,set(),set()
Visutech,http://www.visutechsystem.by,set(),set()
Vivim,http://www.vivim.net,{'info@vivim.net'},set()
Vizarion Software,http://vizarion.com,set(),set()
Vizor Games,http://www.vizor-games.com,{'veronika.novik@vizor-games.com'},set()
Vlad. Kozlovski Lab,http://kozlovskilab.by,set(),set()
VPI Systems,http://www.vpiphotonics.com,set(),set()
VRP Consulting,http://vrpconsulting.com,set(),set()
VRTek,http://vrtek.by,set(),set()
title,url,email,phone
WANNABY,http://wanna.by/,{'hi@wanna.by'},set()
Warecorp,http://www.warecorp.com,set(),set()
Wargaming / Гейм Стрим,http://www.wargaming.com,"{'hrspb@wargaming.net', 'job-dpo-officers@wargaming.net', 'press@wargaming.net'}",set()
WaveOC Pte Ltd.,http://www.waveoc.com,set(),set()
Wazimo,http://www.wazimo.com,{'info@wazimo.com'},set()
Weavora,http://weavora.com,"{'logo-top@2x.png', 'hello@weavora.com', 'back-to-top-icon@2x.png'}",set()
Web VIKI,http://webviki.by,set(),set()
"WEB Студия ""Full Stack""",http://fullstack.by,{'info@fullstack.by'},set()
Web-agent.by,https://web-agent.by/,set(),set()
Web-design Studio Company HoD,http://it-hod.by,"{'Rating@Mail.ru', 'idg2007@yandex.ru', 'info@it-hod.com'}",set()
Web2 Innovation,http://www.web2innovation.com,{'info@companyname.com'},set()
WebAtom,https://webatom.by,{'info@webatom.by'},set()
Webbox,http://webbox.by/,"{'your@email.address', 'webboxby@gmail.com'}",set()
WebBuild,http://htmlcenter.by,set(),set()
WebileSoft,http://webilesoft.com/,{'info@webilesoft.com'},set()
WebMatrix,http://webmatrix.by,{'webmatrixadw@gmail.com'},set()
WebNewUp,http://webnewup.by,{'info@webnewup.by'},set()
WebProfi.me,http://webprofi.me,{'info@webprofi.me'},set()
WebRocco,http://webrocco.com,set(),set()
Wellnuts creative group,http://wellnuts.by/,{'info@wellnuts.by'},set()
WERBDESIGN,http://www.werbdesign.com,set(),set()
WeSafeAssistance,http://www.wesafeassist.com,{'info@wesafeassist.com'},set()
Wheemplay,http://www.wheemplay.com,set(),set()
Wild Spike,http://www.wildspike.com,set(),set()
Wimix,http://www.wimix.by,{'info@wimix.by'},set()
WM Reply,http://wm.reply.com,set(),set()
"WorkFusion, Inc.",http://www.workfusion.com,"{'username@example.com', 'learn@workfusion.com'}",set()
Wowmaking,http://wowmaking.net,{'info@wowmaking.net'},set()
WSP-Design,http://wsp-design.by,{'wspdesign@gmail.com'},set()
title,url,email,phone
XB Software,https://xbsoftware.com,{'contact@xbsoftware.com'},set()
Xform Computing Inc.,http://www.xformcomputing.com,set(),set()
XLogics,http://www.xlogics.biz/,set(),set()
XPGraph,http://www.xpgraph.by,"{'contact@xpgraph.com', 'work@xpgraph.com'}",set()
XPRIDE,http://xpride.by,set(),set()
title,url,email,phone
Y-NODE Software,http://y-node.com,set(),set()
Y-Tech,http://ytech.by,set(),set()
YayFon Technologies,http://www.yayfon.com,"{'info@yayfon.com', 'business@yayfon.com'}",set()
Yellow,http://yellow.id,{'hi@yellow.id'},set()
"Yopolis Lab, LLC",http://yopolis.ru/blog/msk,set(),set()
Yotec,http://www.yotec.net,set(),set()
Yukon Advanced Optics Worldwide,http://www.pulsar-nv.com/,"{'info@adinolfi.com', 'optika@abv.bg', 'sales@extravision.com.au', 'agronltd@ukr.net', 'lucylu@yukonopticsglobal.com', 'info@ejjellatok.hu', 'info@dunia-outdoor.com', 'support@pulsar-nv.com', 'watanabe@sightron.co.jp', 'kim2166@hanmail.net', 'info@optilink.ch', 'info@technolyt.nl', 'sales@greenway.kz', 'geral@espingardariasamora.pt', 'info@nightvision.dk', 'janis@omicron.lv', 'info@luxguns.com', 'riistamaa@riistamaa.fi', 'info@thomasjacks.co.uk', 'agnes@utama.co.id', 'info@yukon.lt', 'Service@gmtoutdoor.fr', 'info@deltaoptical.pl', 'dpto.comercial@makers-takers.com', 'info@topgun.co.il', 'info@agron.kiev.ua', 'teno@tenoastro.no', 'marketing@greenway.kz', 'optikwelt@hot.ee', 'aldoipuche@gmail.com', 'oruzarnicazagreb@gmail.com', 'info@vasilikos.com.gr', 'info@fieldsportsmalta.com', 'sales@acad.co.nz', 'skanejaktsweden@gmail.com', 'info@sellmark.net', 'veika@nettilinja.fi', 'kz@pergam.ru', 'comenzi@yukonromania.ro', 'pulsar@pulsar-nv.com', 'claire.renaud@welkit.com', 'office@dschulnigg.at', 'ventas@reinares.cl', 'tracy@yukonww.com', 'hupra@aol.com', 'info@optics-trade.eu', 'binox@binox.cz', 'info@makers-takers.com', 'Faisal@lightspeedme.com'}",set()
title,url,email,phone
Z-Wolves Development,http://zwolves.by/,{'info@zwolves.com'},set()
Zensoft,https://zensoft.io/,{'contact@zensoft.io'},set()
Zifferblatt,http://zifferblatt.by,set(),set()
Zorka.Mobi,http://www.zorka.mobi,set(),set()
ZubrSoft,https://www.zubrsoft.com,"{'info@zubrsoft.com', 'your.address@email.com'}",set()
ZuSoft,http://zusoft.by,set(),set()
